,time,spei03,spei06,spei09,spei12
0,1901-01-16,,,,
1,1901-02-15,,,,
2,1901-03-16,0.3786782,,,
3,1901-04-16,-0.3334134,,,
4,1901-05-16,-0.63257915,,,
5,1901-06-16,-1.2684251,-0.65378773,,
6,1901-07-16,-0.8779897,-0.9560228,,
7,1901-08-16,-1.036925,-1.1527812,,
8,1901-09-16,-0.9569659,-1.1760668,-1.0974058,
9,1901-10-16,-1.0807378,-1.163923,-1.2225847,
10,1901-11-16,-0.8944623,-1.1453958,-1.2503577,
11,1901-12-16,-0.46540368,-0.99742573,-1.2015774,-1.1226057
12,1902-01-16,-0.91070616,-1.1860001,-1.2375121,-1.2867483
13,1902-02-15,-1.3146914,-1.2551979,-1.2988863,-1.3832064
14,1902-03-16,-1.7792723,-1.5514152,-1.3188566,-1.4858325
15,1902-04-16,-1.5062265,-1.5737561,-1.5882158,-1.5085706
16,1902-05-16,-1.0537573,-1.3477339,-1.4244945,-1.4394102
17,1902-06-16,-0.29234293,-1.243322,-1.242259,-1.2840719
18,1902-07-16,-0.71110153,-1.2375116,-1.3478714,-1.7020955
19,1902-08-16,-0.08584554,-0.33553958,-0.5432238,-0.7666082
20,1902-09-16,0.09703924,0.033513688,-0.2816582,-0.34751377
21,1902-10-16,0.8134887,0.097301945,-0.23243487,-0.33777833
22,1902-11-16,0.66218644,0.07689989,-0.12914835,-0.3123424
23,1902-12-16,-0.3297315,0.051407076,-0.010442866,-0.31273964
24,1903-01-16,-0.24317747,0.6953173,0.057809833,-0.257182
25,1903-02-15,-0.21453956,0.28328642,0.0056628166,-0.18517315
26,1903-03-16,1.446519,0.89293367,0.2779309,0.20890939
27,1903-04-16,1.4532348,1.0779458,0.95898616,0.31072482
28,1903-05-16,1.6690719,1.1519051,0.93290484,0.3276088
29,1903-06-16,-0.29182014,0.56254655,0.29158744,0.18253164
30,1903-07-16,1.1463228,1.3461325,1.2628936,1.2903124
31,1903-08-16,0.52332413,0.8082943,0.71931964,0.7799767
32,1903-09-16,0.5184991,0.4295537,0.5951694,0.53784287
33,1903-10-16,-0.69989026,0.39152205,0.60693014,0.5453022
34,1903-11-16,-0.14549148,0.37083325,0.64718604,0.56040263
35,1903-12-16,0.19581938,0.496872,0.41050938,0.5750717
36,1904-01-16,1.5635792,-0.12000237,0.61872184,0.80577487
37,1904-02-15,1.2573372,0.5989318,0.59207773,0.830224
38,1904-03-16,1.7867707,1.5815488,0.8588395,0.769362
39,1904-04-16,0.6734572,1.3012447,0.055839594,0.69453055
40,1904-05-16,0.5258391,1.0618767,0.6195713,0.6360321
41,1904-06-16,-0.82586443,0.7325699,0.65314686,0.6824243
42,1904-07-16,-1.1452698,-0.7657826,-0.36066628,-0.72921497
43,1904-08-16,-1.4632211,-1.2555743,-0.95417225,-0.9647282
44,1904-09-16,-1.4158539,-1.5327017,-0.97490805,-0.98265904
45,1904-10-16,-1.2644151,-1.5068007,-1.2592928,-0.9848952
46,1904-11-16,-0.4142078,-1.4437892,-1.2690303,-0.99635124
47,1904-12-16,-0.38069865,-1.4229544,-1.5271766,-0.997781
48,1905-01-16,0.44426322,-1.0407,-1.3746656,-1.1647441
49,1905-02-15,1.7819875,0.553411,-1.025458,-0.9005352
50,1905-03-16,2.1670866,1.5865316,-0.8663442,-0.99649876
51,1905-04-16,2.253761,2.094812,-0.11443379,-0.7608558
52,1905-05-16,1.0242956,1.7622765,0.74309427,-0.8106752
53,1905-06-16,-0.026181402,1.313957,0.9973138,-0.84824216
54,1905-07-16,-1.0802803,-0.034502838,0.016032893,-0.8230066
55,1905-08-16,-1.3516753,-1.0566236,-0.68536747,-0.80772704
56,1905-09-16,-1.2901845,-1.2534078,-0.7152464,-0.7786624
57,1905-10-16,-1.3290166,-1.5071764,-0.83380383,-0.7849527
58,1905-11-16,-0.8264201,-1.4325639,-1.1709285,-0.83177215
59,1905-12-16,-0.17579885,-1.23793,-1.2058042,-0.7053908
60,1906-01-16,0.15580231,-1.1480993,-1.4056978,-0.78286093
61,1906-02-15,1.2574409,0.10503262,-1.1046945,-0.8923114
62,1906-03-16,1.8491164,1.3233689,-0.7706194,-0.7654183
63,1906-04-16,1.6552471,1.4194176,-0.41279584,-0.9166603
64,1906-05-16,0.9298141,1.305715,0.40180233,-0.87597376
65,1906-06-16,0.5109716,1.4333318,1.1876066,-0.65992373
66,1906-07-16,0.13779539,0.6232762,0.5977856,-0.34222546
67,1906-08-16,0.08403266,0.24715081,0.42424437,0.16752672
68,1906-09-16,-0.06528317,-0.003467446,0.34361935,0.31025785
69,1906-10-16,0.0640252,-0.016903318,0.345625,0.33822218
70,1906-11-16,0.0098734675,0.014371432,0.17326398,0.34065628
71,1906-12-16,-0.70959955,-0.16796839,-0.10026321,0.25059456
72,1907-01-16,-1.5768554,-0.25875014,-0.18691482,0.19670908
73,1907-02-15,-0.4323307,-0.28958675,-0.074415095,0.093119085
74,1907-03-16,0.6303725,0.030716995,-0.060427938,0.0030470684
75,1907-04-16,1.0913775,0.22416814,0.07658516,0.022130955
76,1907-05-16,1.1708347,0.59175503,0.24279916,0.13458951
77,1907-06-16,2.0238225,1.9132507,1.5305754,0.39306152
78,1907-07-16,0.12251323,0.38685372,0.13065206,0.0054722507
79,1907-08-16,0.28768337,0.4798285,0.36678678,0.27804708
80,1907-09-16,-0.41519392,0.13720776,0.20831509,0.10255968
81,1907-10-16,0.31155193,0.1187613,0.2922577,0.11561767
82,1907-11-16,-0.63561046,0.040593773,0.23276532,0.12628502
83,1907-12-16,-0.25175083,-0.45176172,0.08710728,0.16097641
84,1908-01-16,-0.33679444,0.19021165,0.07351813,0.2504828
85,1908-02-15,-0.37079236,-0.77261156,-0.03230128,0.16598237
86,1908-03-16,-0.08923782,-0.3072254,-0.47831625,0.050939858
87,1908-04-16,-0.17617851,-0.37247473,0.07165801,0.006575954
88,1908-05-16,0.14587866,-0.19097966,-0.6039366,-0.027196521
89,1908-06-16,-0.43154797,-0.44318074,-0.54364014,-0.55341285
90,1908-07-16,0.9408108,0.8469294,0.7533841,0.6592021
91,1908-08-16,0.946706,0.93421644,0.85234827,0.60928214
92,1908-09-16,0.8235575,0.72613716,0.6792825,0.625648
93,1908-10-16,0.36379808,0.7508564,0.69178164,0.62739587
94,1908-11-16,-0.21112955,0.7436681,0.7352256,0.65739596
95,1908-12-16,0.47888312,0.83074397,0.7335195,0.6890742
96,1909-01-16,0.6804053,0.41032124,0.7968079,0.7356647
97,1909-02-15,0.7199014,0.0069993595,0.8039773,0.78896046
98,1909-03-16,0.35510725,0.41221198,0.87537426,0.77188635
99,1909-04-16,0.41521004,0.56037325,0.4391443,0.81638557
100,1909-05-16,0.36789563,0.5370449,0.039387073,0.8143266
101,1909-06-16,0.7289014,0.5866952,0.5871082,0.910376
102,1909-07-16,1.2818079,1.2899365,1.2914302,1.074235
103,1909-08-16,0.65353334,0.66578513,0.7011359,0.51884323
104,1909-09-16,0.82064605,0.87726897,0.876979,0.8844033
105,1909-10-16,0.03656118,0.85364753,0.8689757,0.88641757
106,1909-11-16,0.92696893,0.8206408,0.8326778,0.86040646
107,1909-12-16,1.1671244,0.89921737,0.9488815,0.949535
108,1910-01-16,1.1565995,0.25109807,0.94918597,0.9601761
109,1910-02-15,0.843673,0.9973361,0.8938769,0.9002503
110,1910-03-16,-0.2807658,0.40775615,0.8566145,0.90722454
111,1910-04-16,-0.11533267,0.43146992,0.13403285,0.88382405
112,1910-05-16,0.19053628,0.49791157,0.834375,0.8667459
113,1910-06-16,1.9346015,1.5050181,1.7083426,1.1459846
114,1910-07-16,1.5705224,1.4989979,1.5551018,1.1741462
115,1910-08-16,1.363165,1.3500102,1.3934566,1.4558861
116,1910-09-16,0.8225403,1.1303724,1.0571321,1.1307172
117,1910-10-16,0.14934908,1.1261897,1.0628229,1.1287638
118,1910-11-16,-0.30397728,1.1296335,1.112379,1.151317
119,1910-12-16,0.4208824,0.81686366,1.1159706,1.0457301
120,1911-01-16,0.4568177,0.17927104,1.1500713,1.0827212
121,1911-02-15,-0.20305665,-0.4323293,1.1082337,1.0832201
122,1911-03-16,0.5972804,0.59211254,0.89535475,1.185809
123,1911-04-16,0.49132144,0.51721346,0.2406074,1.1720883
124,1911-05-16,0.6304098,0.25792414,-0.14803633,1.1426986
125,1911-06-16,-0.18042503,0.13748588,0.16626371,0.803287
126,1911-07-16,-1.4753712,-1.1497563,-1.0347093,-0.73449534
127,1911-08-16,-1.6048733,-1.3689195,-1.3811272,-1.4326124
128,1911-09-16,-1.6442499,-1.609449,-1.4239062,-1.3896937
129,1911-10-16,-1.2324208,-1.6545166,-1.4698825,-1.4164505
130,1911-11-16,-0.46685505,-1.5819021,-1.389789,-1.4074885
131,1911-12-16,-0.03079104,-1.5893357,-1.5559717,-1.3881356
132,1912-01-16,-0.11936051,-1.1242654,-1.5759621,-1.4204698
133,1912-02-15,-0.81458807,-0.77701837,-1.610346,-1.4300215
134,1912-03-16,-0.48030877,-0.47537276,-1.6186717,-1.5801427
135,1912-04-16,-0.4998233,-0.5045959,-1.243583,-1.6171314
136,1912-05-16,-0.31065357,-0.6769662,-0.817389,-1.5916711
137,1912-06-16,-0.96249896,-0.9177507,-0.86716336,-1.665696
138,1912-07-16,0.5883686,0.3740937,0.3611028,-0.5499336
139,1912-08-16,0.50056124,0.39301935,0.27502576,0.059681408
140,1912-09-16,0.41565755,0.2147328,0.11790533,0.09034486
141,1912-10-16,0.04183699,0.25612584,0.11154065,0.097969
142,1912-11-16,-0.3252203,0.2912491,0.19941974,0.09046682
143,1912-12-16,0.2647746,0.42918673,0.23554741,0.14180239
144,1913-01-16,-0.12765598,-0.019531801,0.24336618,0.1052736
145,1913-02-15,-0.2146775,-0.40926853,0.2736541,0.186238
146,1913-03-16,0.3430631,0.28057697,0.46537742,0.27532703
147,1913-04-16,0.29273966,0.101106234,0.013239933,0.26591107
148,1913-05-16,0.3295935,0.043626826,-0.2886284,0.2898012
149,1913-06-16,0.43139544,0.35877603,0.31400838,0.47539896
150,1913-07-16,1.0350536,1.052038,1.0012481,0.65072286
151,1913-08-16,1.0291064,1.0323346,0.99826163,0.79686165
152,1913-09-16,1.4091011,1.4236262,1.4260448,1.4312556
153,1913-10-16,1.4485501,1.4405503,1.4507847,1.4186054
154,1913-11-16,1.8939873,1.4311179,1.4328198,1.4040745
155,1913-12-16,0.9663767,1.4894748,1.4972563,1.4976227
156,1914-01-16,0.6426869,1.4987394,1.5179641,1.5173422
157,1914-02-15,1.8147576,2.1220865,1.6403867,1.6321442
158,1914-03-16,1.5263531,1.6071111,1.6478307,1.6456454
159,1914-04-16,1.8238851,1.7910447,1.7357954,1.7048714
160,1914-05-16,0.6765635,1.5621679,2.1865327,1.6611186
161,1914-06-16,1.2861655,1.6716673,1.8189306,1.736693
162,1914-07-16,0.5649012,0.9587738,0.9781289,1.607116
163,1914-08-16,-0.05323682,0.043355282,0.31185046,1.0774161
164,1914-09-16,-0.21649028,0.036397424,0.24835023,0.33564487
165,1914-10-16,-0.4824208,0.05389429,0.37791848,0.42214915
166,1914-11-16,0.54594654,0.06766891,0.15231666,0.3916657
167,1914-12-16,0.42902416,-0.17778262,0.064254925,0.2696784
168,1915-01-16,-0.6868992,-0.6437657,-0.017397702,0.3123852
169,1915-02-15,-0.20075868,0.15332542,0.02010131,0.10569612
170,1915-03-16,-0.06043423,0.074584566,-0.21451509,0.034407947
171,1915-04-16,0.4728958,0.015342029,-0.48409575,0.029609904
172,1915-05-16,0.2636421,-0.033906102,0.154462,0.03529024
173,1915-06-16,-0.40050906,-0.4215996,-0.30136472,-0.30746767
174,1915-07-16,-0.71802706,-0.55686706,-0.68441826,-0.91285974
175,1915-08-16,-1.1761564,-1.0944173,-1.1565657,-0.97631633
176,1915-09-16,-1.1273137,-1.1812924,-1.193647,-1.1507559
177,1915-10-16,-1.2729332,-1.2544622,-1.1309379,-1.2212559
178,1915-11-16,-0.5302729,-1.2095981,-1.139329,-1.1992693
179,1915-12-16,0.02830296,-1.1117808,-1.1593717,-1.1702363
180,1916-01-16,-0.6927349,-1.3341324,-1.3033152,-1.1777228
181,1916-02-15,-0.355186,-0.63520163,-1.2431588,-1.1670401
182,1916-03-16,-0.90435416,-0.7320435,-1.2679594,-1.294608
183,1916-04-16,-0.56232846,-0.80727243,-1.3964262,-1.3646752
184,1916-05-16,-0.3535895,-0.53841096,-0.69850653,-1.2499542
185,1916-06-16,0.46973586,-0.29358616,-0.33380845,-1.1067114
186,1916-07-16,-0.14634986,-0.36746177,-0.49315217,-1.2176875
187,1916-08-16,1.3103437,1.2473316,1.1743903,0.9616295
188,1916-09-16,1.443242,1.4499549,1.3407685,1.3116549
189,1916-10-16,2.065744,1.5888529,1.5230086,1.4533644
190,1916-11-16,1.7847534,1.5789707,1.5398188,1.4841284
191,1916-12-16,2.011436,1.5659745,1.5703562,1.4741297
192,1917-01-16,0.1681805,2.05337,1.5895399,1.5088115
193,1917-02-15,-0.8074261,1.3708895,1.5332766,1.4741298
194,1917-03-16,-0.45005962,1.1034378,1.5531899,1.5489513
195,1917-04-16,0.6682429,0.5256044,2.1207783,1.6273654
196,1917-05-16,1.7601742,0.9936858,1.716018,1.676616
197,1917-06-16,1.449363,0.8260895,1.5478206,1.6676047
198,1917-07-16,-0.25820428,-0.08826123,-0.109018944,1.6478437
199,1917-08-16,0.40500373,0.71136093,0.5631539,1.0660881
200,1917-09-16,1.164564,1.318618,1.2356135,1.3994973
201,1917-10-16,1.8159521,1.2729062,1.3042397,1.2658625
202,1917-11-16,2.140492,1.188902,1.3772514,1.2687376
203,1917-12-16,1.5999581,1.2797341,1.4170598,1.3429625
204,1918-01-16,1.1665294,1.8548404,1.3493047,1.372796
205,1918-02-15,0.26223233,2.0238476,1.203184,1.3832535
206,1918-03-16,0.27528763,1.1468762,1.2972242,1.432106
207,1918-04-16,0.68181473,1.0388801,1.9030721,1.3851289
208,1918-05-16,0.8713655,0.6864942,2.1097498,1.2539788
209,1918-06-16,0.16481733,0.14544466,0.7374022,1.2485248
210,1918-07-16,-1.372006,-1.0016078,-0.74176687,1.1244738
211,1918-08-16,-1.2801619,-1.0318319,-0.99401206,0.24114648
212,1918-09-16,-1.2189947,-1.1496377,-1.0836926,-0.8471737
213,1918-10-16,-0.5730699,-1.2462049,-1.0623826,-0.92168665
214,1918-11-16,-0.17592424,-1.2348664,-1.0264435,-0.99698955
215,1918-12-16,1.3071482,-0.86791164,-0.83013505,-0.8002511
216,1919-01-16,1.7748687,0.039953485,-0.8041043,-0.68106246
217,1919-02-15,1.5799685,0.66927195,-0.8126209,-0.6525253
218,1919-03-16,0.31420395,0.9851171,-0.8164063,-0.77576
219,1919-04-16,0.29890245,1.288371,0.040193845,-0.7590537
220,1919-05-16,0.5051281,1.3410016,0.65193605,-0.7182569
221,1919-06-16,0.11971903,0.16916694,0.7031966,-0.77879316
222,1919-07-16,1.1068629,1.0864701,1.2944033,0.6879625
223,1919-08-16,0.7357265,0.7687311,0.9692992,0.8028531
224,1919-09-16,0.7367969,0.70761734,0.70461994,0.8436276
225,1919-10-16,-0.016057659,0.64536047,0.6380739,0.84428823
226,1919-11-16,0.15143958,0.6344808,0.66668177,0.8576593
227,1919-12-16,0.42099,0.7464892,0.7176507,0.7166581
228,1920-01-16,0.3668984,0.039624542,0.67831457,0.67102116
229,1920-02-15,0.7479836,0.39728922,0.7139004,0.7420614
230,1920-03-16,0.27480704,0.32569632,0.7819415,0.749448
231,1920-04-16,0.31647444,0.35845375,0.06292098,0.683722
232,1920-05-16,0.6642621,0.80783045,0.47785962,0.76495427
233,1920-06-16,1.0863746,0.89239967,0.85930187,0.8864138
234,1920-07-16,-0.31222376,-0.2328535,-0.16652107,-0.28058586
235,1920-08-16,-0.8815022,-0.7079785,-0.5769171,-0.5718398
236,1920-09-16,-1.1917979,-0.89161766,-0.81387246,-0.7674243
237,1920-10-16,-1.0747948,-0.94193715,-0.853683,-0.80248123
238,1920-11-16,-1.4049011,-1.1329931,-0.9615751,-0.8341809
239,1920-12-16,-0.81444675,-1.2637349,-0.96575344,-0.88551116
240,1921-01-16,-0.9401924,-1.2142621,-1.0299823,-0.93287534
241,1921-02-15,-0.8326883,-1.4025666,-1.2299657,-1.0534555
242,1921-03-16,-1.2448423,-1.3349335,-1.4598649,-1.1597588
243,1921-04-16,-1.2122172,-1.3734641,-1.5138487,-1.2440877
244,1921-05-16,-1.242008,-1.289609,-1.5842744,-1.4017913
245,1921-06-16,-1.3790306,-1.5046748,-1.5166478,-1.5883259
246,1921-07-16,1.0931498,0.7586101,0.5984033,-0.24708846
247,1921-08-16,1.324439,1.141363,1.0176114,0.6861845
248,1921-09-16,1.5414593,1.375333,1.2181586,1.1361115
249,1921-10-16,1.3709764,1.4209032,1.2533779,1.1575981
250,1921-11-16,1.1604546,1.4296716,1.275283,1.1668543
251,1921-12-16,-0.2857274,1.488327,1.3192774,1.1622663
252,1922-01-16,-0.45935512,1.2845638,1.3893422,1.2077423
253,1922-02-15,-0.4785162,0.825124,1.40277,1.2294776
254,1922-03-16,-0.4602006,-0.58572423,1.4658023,1.2781385
255,1922-04-16,-0.51353323,-0.6799427,1.1430357,1.3028994
256,1922-05-16,-0.31767723,-0.54680556,0.52963305,1.3265253
257,1922-06-16,-0.416902,-0.6058574,-0.68660426,1.3664074
258,1922-07-16,-0.67560333,-0.8184253,-0.8816515,0.49095994
259,1922-08-16,-0.7656054,-0.83835286,-0.9050348,-0.41848448
260,1922-09-16,-0.56935453,-0.6556216,-0.7210164,-0.7650803
261,1922-10-16,-0.09660969,-0.59407806,-0.69064003,-0.7506059
262,1922-11-16,0.340755,-0.6089041,-0.6772517,-0.73931503
263,1922-12-16,-0.018065587,-0.5629636,-0.64460945,-0.7090386
264,1923-01-16,-0.3163013,-0.17266352,-0.6094222,-0.69995135
265,1923-02-15,0.39546207,0.35655576,-0.5434633,-0.60629445
266,1923-03-16,0.08187906,-0.060648806,-0.5409644,-0.61617595
267,1923-04-16,0.06617234,-0.16426128,-0.18985757,-0.59252393
268,1923-05-16,-0.07292267,0.03385259,0.16695549,-0.5495975
269,1923-06-16,-0.45335245,-0.33831075,-0.38914305,-0.618926
270,1923-07-16,-1.1152785,-1.0054387,-1.03144,-0.9041964
271,1923-08-16,-0.26715875,-0.31910652,-0.2931945,-0.22060631
272,1923-09-16,-0.326326,-0.43486634,-0.43291888,-0.46019801
273,1923-10-16,0.5067242,-0.38960546,-0.40204272,-0.45400834
274,1923-11-16,-0.42820925,-0.4149904,-0.45333543,-0.42959863
275,1923-12-16,0.12359703,-0.32395607,-0.42714378,-0.4231355
276,1924-01-16,-0.039014712,0.4210499,-0.40220338,-0.40769786
277,1924-02-15,-0.34125817,-0.5872181,-0.4648888,-0.49266466
278,1924-03-16,-0.83593076,-0.63569385,-0.46567082,-0.55410767
279,1924-04-16,-0.71130484,-0.68091637,0.18736152,-0.53704286
280,1924-05-16,-0.12022804,-0.36434314,-0.5667866,-0.47031143
281,1924-06-16,-0.08595115,-0.60726076,-0.56819665,-0.4799273
282,1924-07-16,-0.30990347,-0.5485555,-0.57131356,-0.17944676
283,1924-08-16,-0.7540848,-0.75509864,-0.8205498,-0.9463537
284,1924-09-16,-0.4634355,-0.47411555,-0.61462784,-0.62696433
285,1924-10-16,-0.15426685,-0.43320307,-0.57548803,-0.60840285
286,1924-11-16,0.678375,-0.5204027,-0.5313971,-0.5997527
287,1924-12-16,0.5514566,-0.37284905,-0.39174238,-0.53024167
288,1925-01-16,0.4841998,-0.095384166,-0.3679571,-0.5075817
289,1925-02-15,0.3973017,0.5485572,-0.46446553,-0.47512144
290,1925-03-16,-0.21463285,0.031553794,-0.4415348,-0.45110548
291,1925-04-16,-0.87751853,-0.5725492,-0.41577524,-0.5594621
292,1925-05-16,-0.898545,-0.56188995,-0.013371184,-0.6253216
293,1925-06-16,-0.3889309,-0.48752066,-0.30641207,-0.5187821
294,1925-07-16,-0.5489826,-0.8594319,-0.7594187,-0.766273
295,1925-08-16,-0.95258355,-1.1403608,-1.0878476,-0.8802172
296,1925-09-16,-1.1492057,-1.2007811,-1.2362962,-1.1677676
297,1925-10-16,-1.1830504,-1.1216685,-1.2874502,-1.2355187
298,1925-11-16,-1.1081903,-1.135987,-1.2964839,-1.2489965
299,1925-12-16,-0.80133146,-1.2186283,-1.2578839,-1.287384
300,1926-01-16,-0.46846434,-1.1998827,-1.1407675,-1.2974802
301,1926-02-15,-1.2602148,-1.4272635,-1.2787329,-1.4132419
302,1926-03-16,1.0386668,0.41906762,-0.9110424,-0.9618201
303,1926-04-16,1.3833089,0.9432044,-0.5434671,-0.75715244
304,1926-05-16,2.2965293,1.4245374,0.37605017,-0.61525893
305,1926-06-16,0.5925822,0.9605963,0.5548496,-0.7649822
306,1926-07-16,0.5798411,0.9006274,0.79907066,-0.110500865
307,1926-08-16,0.7366514,1.1909485,1.0416065,0.73659885
308,1926-09-16,1.2354422,1.2748543,1.4028355,1.3315649
309,1926-10-16,1.454749,1.2335631,1.418284,1.36271
310,1926-11-16,1.7334325,1.1442597,1.4912623,1.3769017
311,1926-12-16,0.49852186,1.2407707,1.275946,1.398679
312,1927-01-16,0.6348764,1.4483105,1.2670751,1.4400635
313,1927-02-15,1.4830046,1.7913026,1.2767586,1.5930539
314,1927-03-16,1.3486475,1.1962417,1.3670291,1.3938904
315,1927-04-16,1.1110753,1.1161001,1.5505091,1.3585408
316,1927-05-16,0.3481706,1.0221728,1.6983957,1.2613552
317,1927-06-16,0.18415427,0.78620183,0.77992517,1.3215374
318,1927-07-16,2.0203438,2.1272233,2.1116815,2.2216892
319,1927-08-16,1.5284709,1.5491848,1.6434774,1.8982908
320,1927-09-16,1.4224098,1.3994246,1.4853529,1.4937261
321,1927-10-16,-0.5101831,1.3870764,1.4814088,1.4841508
322,1927-11-16,0.05197045,1.3698915,1.3807238,1.4669102
323,1927-12-16,1.9728956,1.5611905,1.5419666,1.623378
324,1928-01-16,1.8584559,0.0760233,1.54683,1.629086
325,1928-02-15,1.4193649,0.75622797,1.5129063,1.5147768
326,1928-03-16,-0.64906806,0.95375276,1.5368185,1.5048704
327,1928-04-16,-0.5507264,0.69620055,-0.1494447,1.4721692
328,1928-05-16,-0.5083453,0.4943704,0.31871352,1.4291123
329,1928-06-16,-0.73447925,-0.8863281,0.1723077,1.4157728
330,1928-07-16,-0.29759935,-0.47131068,0.03777208,-0.4153009
331,1928-08-16,-0.4809246,-0.60698867,-0.29741827,-0.3254483
332,1928-09-16,-0.48750615,-0.6391266,-0.73695195,-0.3673922
333,1928-10-16,-0.18153559,-0.44365248,-0.561365,-0.23864542
334,1928-11-16,1.0317951,-0.14579917,-0.27357793,-0.027162528
335,1928-12-16,2.0943015,-0.081895046,-0.24145769,-0.36213136
336,1929-01-16,2.258275,0.39981937,0.0028900614,-0.13481076
337,1929-02-15,0.999805,1.0915734,0.018486483,-0.10340268
338,1929-03-16,0.35536653,1.6666006,-0.009799072,-0.16284904
339,1929-04-16,-0.56665003,1.0138882,0.17580418,-0.1396235
340,1929-05-16,-0.70521814,-0.021969374,0.61221635,-0.13210052
341,1929-06-16,-0.5641473,-0.20815001,0.77883,-0.14502947
342,1929-07-16,1.0205289,0.85101014,1.1532893,0.7089827
343,1929-08-16,1.2977202,1.1924199,1.2606226,1.3134757
344,1929-09-16,1.1187348,1.0148237,1.030797,1.2170247
345,1929-10-16,0.79426,1.0315617,0.9304442,1.1446657
346,1929-11-16,0.07864176,1.1171004,1.0165751,1.0811273
347,1929-12-16,1.4316361,1.2014421,1.1015654,1.1170813
348,1930-01-16,1.5180886,0.93862283,1.1484344,1.048497
349,1930-02-15,0.6188567,0.09872637,1.1611794,1.0494232
350,1930-03-16,0.010243913,0.82476646,1.2144121,1.1023402
351,1930-04-16,0.48669305,1.1059095,0.9483125,1.1756185
352,1930-05-16,0.52741724,0.5895976,0.18799108,1.1851552
353,1930-06-16,1.1784887,0.7733112,1.1616027,1.3087863
354,1930-07-16,0.563661,0.5981114,0.7667079,0.922494
355,1930-08-16,-0.13459568,-0.065734215,-0.03654567,-0.123047285
356,1930-09-16,-0.4711895,-0.22004631,-0.26486576,-0.10659934
357,1930-10-16,-1.1969265,-0.35731506,-0.29969716,-0.13822894
358,1930-11-16,-0.7606898,-0.34363994,-0.27009034,-0.24425924
359,1930-12-16,-0.20408793,-0.50291747,-0.2554604,-0.29527918
360,1931-01-16,-0.36165208,-1.1952722,-0.3963628,-0.33335203
361,1931-02-15,0.42126563,-0.31102774,-0.26207343,-0.19077058
362,1931-03-16,0.5648529,0.25548285,-0.38382182,-0.14635955
363,1931-04-16,0.4210467,0.1188212,-0.90556914,-0.30328515
364,1931-05-16,-0.04659753,0.11492176,-0.36089987,-0.2824354
365,1931-06-16,0.34467533,0.4236567,0.25761923,-0.3086965
366,1931-07-16,0.00399112,0.084196396,-0.007243784,-0.7649567
367,1931-08-16,-0.07262775,-0.11795016,-0.056519,-0.29158348
368,1931-09-16,-0.38009715,-0.23557262,-0.12810741,-0.18393195
369,1931-10-16,-0.096634924,-0.1438408,-0.058980376,-0.12619054
370,1931-11-16,-0.07719758,-0.16732667,-0.19934286,-0.1407424
371,1931-12-16,0.13621779,-0.36770156,-0.23453248,-0.12816527
372,1932-01-16,-0.899135,-0.27140152,-0.24090627,-0.1455295
373,1932-02-15,-0.92249054,-0.5660446,-0.3023393,-0.32019457
374,1932-03-16,-0.44514498,-0.34162694,-0.40633646,-0.28901127
375,1932-04-16,-0.2146794,-0.61625814,-0.299893,-0.28568804
376,1932-05-16,0.14715447,-0.4415634,-0.431412,-0.26492736
377,1932-06-16,-0.018800069,-0.31899425,-0.32343268,-0.42081442
378,1932-07-16,1.1465,1.05112,0.9113665,0.5905936
379,1932-08-16,0.8117123,0.80190307,0.6751636,0.5422831
380,1932-09-16,0.6431114,0.611246,0.5366489,0.5167432
381,1932-10-16,0.02362167,0.6494813,0.59425217,0.49449843
382,1932-11-16,-0.3786147,0.6118034,0.60823977,0.48965028
383,1932-12-16,0.24471131,0.6381193,0.6038991,0.5317578
384,1933-01-16,0.32300434,0.04186035,0.67205423,0.6145101
385,1933-02-15,1.013732,0.020727595,0.70961577,0.69960076
386,1933-03-16,1.0481488,0.8286377,0.7741809,0.7322418
387,1933-04-16,1.1647682,1.0396554,0.30567837,0.81369114
388,1933-05-16,1.2278981,1.3702159,0.4940714,0.8507984
389,1933-06-16,0.90840703,1.0893217,0.9705751,0.8476214
390,1933-07-16,0.9417539,1.106941,1.0801989,0.6756921
391,1933-08-16,1.1812704,1.3205045,1.3717197,1.1687028
392,1933-09-16,1.1905926,1.2593576,1.3282347,1.3161868
393,1933-10-16,1.1255937,1.2088084,1.3190641,1.3082994
394,1933-11-16,0.5694842,1.1343967,1.2616901,1.3034246
395,1933-12-16,-0.1668992,1.148784,1.2156794,1.2846835
396,1934-01-16,0.016475296,1.0673656,1.2054093,1.308433
397,1934-02-15,-0.5641793,0.20891798,1.0878179,1.2111518
398,1934-03-16,-0.04309553,-0.24492174,1.1460327,1.2101741
399,1934-04-16,-0.13870093,-0.18794237,0.97428447,1.1579741
400,1934-05-16,0.70218146,0.13857114,0.4082976,1.1336687
401,1934-06-16,1.0432943,0.6270368,0.4112956,1.2153429
402,1934-07-16,0.3498881,0.25024247,0.21861759,0.84142226
403,1934-08-16,0.50698304,0.58454084,0.47889456,0.5552504
404,1934-09-16,0.25680187,0.40590113,0.36066207,0.3153473
405,1934-10-16,0.51331645,0.4190478,0.36026904,0.32685238
406,1934-11-16,-0.15337528,0.35773715,0.43652445,0.33928013
407,1934-12-16,0.0029865294,0.23596795,0.38146,0.33893883
408,1935-01-16,0.7384979,0.57074976,0.47684395,0.41894403
409,1935-02-15,0.7318485,0.17738593,0.4410415,0.5141221
410,1935-03-16,0.7594903,0.48557022,0.34671435,0.48555464
411,1935-04-16,1.0210751,1.0970753,0.7557452,0.61252046
412,1935-05-16,1.2620916,1.2719653,0.5870474,0.60288674
413,1935-06-16,1.2977939,1.2641903,1.0698266,0.52200127
414,1935-07-16,0.8455007,1.0645287,1.0865736,1.0002685
415,1935-08-16,0.29244345,0.51448643,0.60472476,0.44183674
416,1935-09-16,0.19867273,0.44645634,0.55006534,0.52231663
417,1935-10-16,-0.2566917,0.29967532,0.49694073,0.5303077
418,1935-11-16,0.26694527,0.23079062,0.43560842,0.5185617
419,1935-12-16,0.11264759,0.18994452,0.42727894,0.53019804
420,1936-01-16,-0.017804623,-0.2903004,0.28931725,0.48296502
421,1936-02-15,0.7835913,0.37737015,0.3184009,0.509476
422,1936-03-16,1.109713,0.81857836,0.36853665,0.5780574
423,1936-04-16,0.946927,0.7001452,-0.030203048,0.42822483
424,1936-05-16,0.1958778,0.43129954,0.33678627,0.35502705
425,1936-06-16,0.51632917,0.84839433,0.7053925,0.41082132
426,1936-07-16,0.00854156,0.22825365,0.17907806,-0.15310305
427,1936-08-16,-0.42624116,-0.37429777,-0.2954694,-0.2870292
428,1936-09-16,-0.44247815,-0.3331432,-0.16309284,-0.18465392
429,1936-10-16,-0.38900912,-0.3619507,-0.19503991,-0.22917147
430,1936-11-16,0.44052795,-0.30539277,-0.2551187,-0.18995059
431,1936-12-16,0.59053487,-0.37144592,-0.27276948,-0.11121203
432,1937-01-16,0.8734224,-0.24270776,-0.2670852,-0.1070744
433,1937-02-15,1.435823,0.7531775,-0.10160227,-0.06278736
434,1937-03-16,1.4423571,1.3373632,-0.11093183,-0.033663325
435,1937-04-16,1.4677747,1.5315529,0.20304394,0.022600576
436,1937-05-16,0.9147064,1.3810822,0.9309007,0.060497116
437,1937-06-16,0.59398127,1.1211265,1.1171643,-0.041099098
438,1937-07-16,0.9755132,1.2080177,1.2301806,0.6822752
439,1937-08-16,0.37800738,0.5068469,0.64522254,0.64103365
440,1937-09-16,0.40867347,0.46287292,0.62801605,0.6462591
441,1937-10-16,-0.24903971,0.43431497,0.65495247,0.68839467
442,1937-11-16,0.5280168,0.4244353,0.5457703,0.6631803
443,1937-12-16,0.9342032,0.47892502,0.5268655,0.68401617
444,1938-01-16,0.9269267,-0.042366385,0.5247736,0.7322222
445,1938-02-15,0.92938393,0.7420464,0.5312092,0.6416173
446,1938-03-16,0.13254778,0.5578514,0.50475097,0.552108
447,1938-04-16,-0.117013894,0.2771597,-0.109893315,0.47346222
448,1938-05-16,-0.6153632,-0.03648223,0.2958497,0.40285674
449,1938-06-16,0.50793004,0.37858322,0.5833204,0.52016425
450,1938-07-16,0.3733488,0.2745157,0.36605683,0.044936422
451,1938-08-16,0.17095383,0.016458996,0.107130304,0.20883027
452,1938-09-16,-0.14002708,-0.07314796,-0.06999912,-0.0018669998
453,1938-10-16,-0.24955985,-0.0480735,-0.101015486,-0.030839717
454,1938-11-16,-0.11140626,0.058843613,-0.073757194,0.009060719
455,1938-12-16,0.55640745,-0.08827232,-0.025154408,-0.021651983
456,1939-01-16,0.24795589,-0.2202423,-0.020873336,-0.07040217
457,1939-02-15,0.65284485,0.17323284,0.14798214,0.022957444
458,1939-03-16,1.4237974,1.3025671,0.1434644,0.20002191
459,1939-04-16,1.8196322,1.6076391,0.34828454,0.31861198
460,1939-05-16,1.6487226,1.5548,0.8021823,0.4064647
461,1939-06-16,0.7500626,1.211793,1.20348,0.2226405
462,1939-07-16,-0.61627096,0.101786934,0.101018764,-0.21223238
463,1939-08-16,-0.8758049,-0.42610657,-0.32216963,-0.4121992
464,1939-09-16,-0.94183844,-0.74427223,-0.4453078,-0.40450147
465,1939-10-16,-0.74098146,-0.93462974,-0.42879015,-0.4207747
466,1939-11-16,-0.6444645,-0.9859974,-0.5727655,-0.47211787
467,1939-12-16,-0.7021117,-0.9883784,-0.7976735,-0.5086511
468,1940-01-16,-0.6893809,-0.7930731,-0.95563,-0.47219607
469,1940-02-15,-0.43881008,-0.6373926,-0.973031,-0.5883697
470,1940-03-16,0.72432846,0.05932507,-0.8457745,-0.6747228
471,1940-04-16,0.9776807,0.48184502,-0.4731975,-0.74847466
472,1940-05-16,1.0184381,0.4950723,-0.116972476,-0.75349784
473,1940-06-16,0.8913569,0.88253874,0.4828429,-0.63450295
474,1940-07-16,-0.23757452,0.01792254,-0.097009,-0.62619656
475,1940-08-16,-0.2648564,-0.069870174,-0.13097765,-0.34587651
476,1940-09-16,-0.50658804,-0.2932589,-0.19847268,-0.28956488
477,1940-10-16,-0.19418404,-0.39590853,-0.22947377,-0.3028831
478,1940-11-16,-0.5104395,-0.43730208,-0.25234896,-0.30406177
479,1940-12-16,-0.5724852,-0.5591852,-0.35348544,-0.2581098
480,1941-01-16,-0.42732438,-0.28102756,-0.43342546,-0.26443055
481,1941-02-15,-0.6919448,-0.8036513,-0.53037083,-0.339079
482,1941-03-16,-0.8829258,-1.0003576,-0.702336,-0.49517632
483,1941-04-16,-0.8567357,-0.927132,-0.53515404,-0.59573126
484,1941-05-16,-0.7975434,-0.9644474,-1.039788,-0.65497816
485,1941-06-16,-0.6539835,-0.96399444,-1.0490694,-0.79602146
486,1941-07-16,0.68366385,0.46137357,0.38221514,0.018138174
487,1941-08-16,0.17431383,0.0031862364,-0.1111992,-0.32118887
488,1941-09-16,0.05067776,-0.082935,-0.22714338,-0.29916927
489,1941-10-16,-0.878493,-0.1270895,-0.27990323,-0.33374023
490,1941-11-16,-0.7097571,-0.08371856,-0.22698046,-0.32681683
491,1941-12-16,-0.97257376,-0.06498244,-0.1910139,-0.32453647
492,1942-01-16,0.17721415,-0.7295678,-0.056466058,-0.21738705
493,1942-02-15,0.8487503,-0.1875915,0.049389046,-0.09533324
494,1942-03-16,0.6116499,-0.11591,0.06728765,-0.062874936
495,1942-04-16,-0.07027302,-0.028881084,-0.7568367,-0.09314383
496,1942-05-16,-0.19376719,0.18622822,-0.3044244,0.0321334
497,1942-06-16,0.2056527,0.34018224,-0.0378191,0.13133113
498,1942-07-16,0.17742972,0.13125971,0.111305855,-0.41555735
499,1942-08-16,0.22067572,0.15032977,0.21336877,-0.008519327
500,1942-09-16,0.08711907,0.10717954,0.16486774,0.0465782
501,1942-10-16,0.041354068,0.16587436,0.11997035,0.109927125
502,1942-11-16,-0.2102028,0.09942879,0.045937568,0.10220154
503,1942-12-16,0.32638454,0.11400845,0.1265097,0.18360315
504,1943-01-16,0.64202666,0.26587397,0.24554943,0.20629063
505,1943-02-15,0.5002741,0.10927898,0.17246556,0.11836791
506,1943-03-16,0.06064202,0.1333885,0.13083388,0.14436433
507,1943-04-16,0.026088946,0.32449624,0.20936334,0.22608288
508,1943-05-16,0.35808587,0.4531525,0.15445675,0.2040865
509,1943-06-16,0.57535124,0.35365012,0.35104442,0.17989878
510,1943-07-16,0.560495,0.5260098,0.6628626,0.39968026
511,1943-08-16,0.09471403,0.16182697,0.25478187,0.09776975
512,1943-09-16,0.075165294,0.16220602,0.18193518,0.20845385
513,1943-10-16,-0.14259173,0.13745756,0.11509153,0.22068217
514,1943-11-16,0.37048241,0.08499044,0.14902465,0.23255505
515,1943-12-16,-0.5364538,0.003432407,0.09123085,0.11489085
516,1944-01-16,-0.6060588,-0.24491803,0.101463065,0.08111676
517,1944-02-15,-0.08412725,0.29638404,0.14994824,0.19882482
518,1944-03-16,0.47058147,0.07015857,0.17315331,0.24103507
519,1944-04-16,0.49002233,0.08877008,-0.09068065,0.20571324
520,1944-05-16,0.3214066,0.1562591,0.28506884,0.18434897
521,1944-06-16,0.11434448,0.3788543,0.087458946,0.13977702
522,1944-07-16,1.114755,1.1463318,1.0360487,0.6042604
523,1944-08-16,1.3792359,1.4069288,1.3810799,1.2957609
524,1944-09-16,1.2282804,1.2145624,1.2544047,1.1986535
525,1944-10-16,1.0657037,1.2130446,1.2593279,1.1950142
526,1944-11-16,0.008878835,1.1934613,1.2178222,1.1959862
527,1944-12-16,0.5963622,1.2394588,1.224438,1.262311
528,1945-01-16,0.91746515,1.1359408,1.2789624,1.3175237
529,1945-02-15,0.9151832,0.31511962,1.274621,1.2875887
530,1945-03-16,0.2991593,0.4797277,1.299885,1.2721552
531,1945-04-16,0.37108442,0.7284857,1.1708517,1.3057708
532,1945-05-16,0.4650205,0.77585566,0.32967085,1.3021154
533,1945-06-16,0.98221946,0.7583761,0.8608866,1.3657213
534,1945-07-16,1.2404338,1.2621508,1.2935934,1.4276776
535,1945-08-16,0.9191055,0.95821244,1.0182179,0.86577463
536,1945-09-16,0.7902218,0.896442,0.89799476,0.93000066
537,1945-10-16,-0.011583865,0.8611612,0.8810094,0.9333072
538,1945-11-16,0.27127543,0.84216857,0.8785027,0.9359951
539,1945-12-16,0.5839076,0.80941355,0.9093812,0.9115459
540,1946-01-16,0.27694392,0.024844488,0.8771945,0.89156395
541,1946-02-15,0.28452194,0.1915658,0.86239904,0.8895371
542,1946-03-16,0.13660969,0.30367345,0.8305553,0.92614454
543,1946-04-16,-0.5140682,-0.3718842,-0.17176446,0.78012496
544,1946-05-16,-0.75121814,-0.5091114,-0.24847583,0.73346937
545,1946-06-16,-1.0925125,-0.70208347,-0.48777142,0.6308593
546,1946-07-16,-0.24280983,-0.42042172,-0.36943886,-0.39339095
547,1946-08-16,0.4791731,0.29817367,0.2810233,0.25401035
548,1946-09-16,0.40210426,0.18907097,0.15679514,0.18999961
549,1946-10-16,0.7226246,0.27192727,0.13407458,0.1289309
550,1946-11-16,-0.11457802,0.3364968,0.1771869,0.15995754
551,1946-12-16,0.3887024,0.412441,0.20519473,0.17591566
552,1947-01-16,0.96777076,0.7903807,0.35822716,0.22722377
553,1947-02-15,0.44722772,0.043816675,0.3795107,0.22551256
554,1947-03-16,-0.04827191,0.08784088,0.41122535,0.20601963
555,1947-04-16,-0.27520594,0.15455857,0.68340594,0.28067333
556,1947-05-16,-0.33542717,-0.1236059,-0.21382694,0.29702595
557,1947-06-16,-0.6408826,-0.48991752,-0.3839355,0.25696427
558,1947-07-16,-0.7076992,-0.773156,-0.5951302,0.01174248
559,1947-08-16,-0.38830057,-0.47194043,-0.41620192,-0.49744347
560,1947-09-16,-0.06649013,-0.20768641,-0.19802678,-0.18345661
561,1947-10-16,0.49541104,-0.14009094,-0.20258653,-0.117515266
562,1947-11-16,0.5135474,-0.18753153,-0.25433794,-0.2041828
563,1947-12-16,-0.37063268,-0.13318484,-0.26574805,-0.2509506
564,1948-01-16,-0.6861338,0.28580585,-0.23538567,-0.28352493
565,1948-02-15,0.8721179,0.705851,-0.06898602,-0.13598032
566,1948-03-16,1.1434122,0.6601185,0.08493206,-0.049436536
567,1948-04-16,0.682128,0.21233428,0.4942444,-0.074945755
568,1948-05-16,-0.4238772,0.02260138,0.40780392,-0.14519276
569,1948-06-16,-0.284348,0.42685625,0.15931995,-0.007577647
570,1948-07-16,0.1297177,0.27717537,0.13312824,0.37305006
571,1948-08-16,-0.3149823,-0.4283337,-0.3392809,-0.14002943
572,1948-09-16,-0.43959138,-0.5115015,-0.31088078,-0.38758898
573,1948-10-16,-0.72497714,-0.45210156,-0.3069688,-0.41928616
574,1948-11-16,-0.11965289,-0.3266222,-0.42133215,-0.3419283
575,1948-12-16,0.79159653,-0.33564815,-0.40708166,-0.2214798
576,1949-01-16,0.5242745,-0.58985245,-0.38405484,-0.24495518
577,1949-02-15,-0.067806065,-0.15023576,-0.34478095,-0.43086663
578,1949-03-16,-0.66539896,-0.13694227,-0.4605031,-0.5188228
579,1949-04-16,-0.6701155,-0.3723328,-0.7966999,-0.52893436
580,1949-05-16,-0.83703524,-0.72084093,-0.53595746,-0.50527984
581,1949-06-16,-0.58742064,-0.8155052,-0.5074978,-0.56512004
582,1949-07-16,0.6373653,0.395954,0.42683667,-0.22250114
583,1949-08-16,1.0107793,0.8584633,0.8057102,0.6972203
584,1949-09-16,0.80005735,0.6739721,0.5524493,0.5978379
585,1949-10-16,0.80089986,0.7617307,0.62521505,0.6351199
586,1949-11-16,-0.04980759,0.8393036,0.698718,0.64889896
587,1949-12-16,0.6876172,0.8246618,0.70141274,0.58655024
588,1950-01-16,0.45903653,0.80481374,0.7931726,0.65768135
589,1950-02-15,0.5438521,0.06938647,0.88041294,0.73626083
590,1950-03-16,0.6020452,0.7217774,0.8927767,0.76704407
591,1950-04-16,0.6705096,0.67219746,0.8741464,0.8471491
592,1950-05-16,0.4103457,0.4660172,0.11913708,0.8927924
593,1950-06-16,0.37619922,0.46940067,0.55802584,0.8764576
594,1950-07-16,0.75240874,0.8150668,0.8154683,0.9433731
595,1950-08-16,0.1296547,0.16219203,0.1852759,0.07447628
596,1950-09-16,-0.0070546446,0.028572328,0.08265192,0.12080407
597,1950-10-16,-0.6894705,-0.006106457,0.07228339,0.087417655
598,1950-11-16,-0.052068524,0.027677031,0.06441387,0.08485113
599,1950-12-16,0.5918143,0.041147377,0.07251716,0.12567301
600,1951-01-16,0.5100047,-0.62943447,0.025539719,0.104769886
601,1951-02-15,0.15441908,-0.18851721,0.014709951,0.05399698
602,1951-03-16,0.05344589,0.26205096,0.028916242,0.064509094
603,1951-04-16,0.71653116,0.72256196,-0.3913316,0.12640277
604,1951-05-16,0.997923,0.7131741,0.23909083,0.16988099
605,1951-06-16,0.72673935,0.40210605,0.46513152,0.11952602
606,1951-07-16,-0.524288,-0.28089434,-0.23817943,-0.7450864
607,1951-08-16,-0.63946337,-0.41136172,-0.44619206,-0.5170467
608,1951-09-16,-0.8279669,-0.64539975,-0.6548416,-0.6131751
609,1951-10-16,-0.6676871,-0.8603275,-0.69975483,-0.68440765
610,1951-11-16,-1.4953442,-0.9215741,-0.69409096,-0.7254342
611,1951-12-16,-1.2316102,-0.96802837,-0.77649367,-0.7755043
612,1952-01-16,-0.81113195,-0.8332018,-0.9371946,-0.7704835
613,1952-02-15,-0.27010486,-1.177943,-0.95439684,-0.7275873
614,1952-03-16,-0.17574568,-0.8178541,-1.0014964,-0.81258184
615,1952-04-16,-0.20960154,-0.5789944,-0.8875416,-0.96854806
616,1952-05-16,-0.61092913,-0.6617345,-1.1935565,-1.0439657
617,1952-06-16,-0.67468596,-0.6248279,-0.9530276,-1.0772719
618,1952-07-16,0.7189494,0.58486223,0.43773985,-0.21409142
619,1952-08-16,0.0873733,-0.08381897,-0.15897259,-0.51354504
620,1952-09-16,0.0050945748,-0.14922746,-0.20983337,-0.36318627
621,1952-10-16,-0.82432085,-0.09421516,-0.17203093,-0.2779532
622,1952-11-16,-0.109388016,-0.043097053,-0.1893227,-0.25898695
623,1952-12-16,0.638485,0.08442942,-0.06491083,-0.12610629
624,1953-01-16,0.9072689,-0.56967527,0.022540335,-0.05457461
625,1953-02-15,-0.063324936,-0.19212773,-0.041716963,-0.17842405
626,1953-03-16,-1.0664434,-0.52317035,-0.10080452,-0.23972304
627,1953-04-16,-1.0780203,-0.51141584,-0.9336563,-0.21508259
628,1953-05-16,-0.14891739,-0.22463642,-0.33909428,-0.091623545
629,1953-06-16,1.5698797,0.66280127,0.73548406,0.20695713
630,1953-07-16,0.11485386,-0.2814759,-0.12899509,-0.71750414
631,1953-08-16,1.0646592,1.004169,0.968829,0.7978626
632,1953-09-16,0.6072337,0.8495422,0.68191373,0.7201071
633,1953-10-16,1.3395902,0.9214374,0.72347105,0.77573127
634,1953-11-16,-0.3035728,0.8423309,0.78566706,0.7517986
635,1953-12-16,0.090520404,0.5865293,0.8232301,0.66123736
636,1954-01-16,0.28808102,1.3372363,0.95287627,0.75842017
637,1954-02-15,1.0764041,0.27321753,0.96769243,0.90984434
638,1954-03-16,0.9673069,0.71614623,0.7313689,0.9520991
639,1954-04-16,0.14354372,0.20000394,1.3165004,0.9388486
640,1954-05-16,-0.61095786,0.12334981,-0.15468538,0.8506052
641,1954-06-16,-0.5515696,0.16083848,0.08162109,0.5910398
642,1954-07-16,-0.8666399,-0.7499648,-0.65224314,0.5850324
643,1954-08-16,-0.6048157,-0.73353827,-0.51168084,-0.6364706
644,1954-09-16,0.08740039,-0.026300788,0.16236731,0.14773236
645,1954-10-16,0.8171848,0.049908686,0.07267009,0.11371866
646,1954-11-16,1.4951668,0.06656492,-0.057570454,0.1167926
647,1954-12-16,0.026685007,0.06638573,-0.042348925,0.14127105
648,1955-01-16,0.2094225,0.80835104,0.091650195,0.10829046
649,1955-02-15,0.24320468,1.3721229,0.1208131,0.00023320843
650,1955-03-16,0.18081872,0.077722505,0.13615984,0.024896892
651,1955-04-16,0.03104787,0.04368792,0.7480023,0.07772407
652,1955-05-16,0.27824047,0.23262917,1.2684436,0.1512197
653,1955-06-16,0.32338357,0.23790438,0.11968969,0.15830667
654,1955-07-16,-1.1473138,-1.0543466,-0.9817552,-0.045838222
655,1955-08-16,-0.6184828,-0.57049847,-0.54041135,0.10791641
656,1955-09-16,0.44790953,0.47033006,0.49330688,0.4570524
657,1955-10-16,1.3714832,0.48996568,0.4561239,0.45701945
658,1955-11-16,1.9240822,0.4558152,0.46706736,0.47860965
659,1955-12-16,0.48583826,0.46514437,0.48458543,0.50742555
660,1956-01-16,1.0872811,1.4467428,0.62036556,0.5827078
661,1956-02-15,0.5541548,1.8678625,0.5298664,0.5374364
662,1956-03-16,0.45343485,0.53706527,0.5648806,0.57572556
663,1956-04-16,-0.26607355,0.27764767,1.3590406,0.54542196
664,1956-05-16,-0.23309125,0.021035472,1.7256382,0.47007987
665,1956-06-16,1.4725218,1.3467131,1.292736,0.77297515
666,1956-07-16,1.9036878,1.8684664,1.8972796,2.0550008
667,1956-08-16,1.9323003,1.927271,1.9487747,2.2444432
668,1956-09-16,1.6079913,1.7290064,1.7592844,1.7603555
669,1956-10-16,1.0055813,1.782663,1.7578009,1.7958176
670,1956-11-16,0.49238744,1.7932787,1.7753834,1.7914432
671,1956-12-16,1.3773178,1.6526115,1.7666368,1.7953386
672,1957-01-16,1.0393913,1.0641848,1.8360589,1.7986473
673,1957-02-15,0.9248128,0.5642714,1.8578657,1.8221493
674,1957-03-16,0.89715433,1.4267168,1.7394904,1.8433285
675,1957-04-16,0.8997355,1.1369581,1.1473494,1.8959552
676,1957-05-16,1.6531355,1.6700149,1.0891324,1.9761528
677,1957-06-16,1.3502355,1.3261333,1.6315526,1.8399668
678,1957-07-16,-0.36519447,-0.1107319,0.037657514,0.6428191
679,1957-08-16,-0.9711206,-0.5031284,-0.3999108,-0.32102737
680,1957-09-16,-1.0290444,-0.6248062,-0.49471405,-0.3434386
681,1957-10-16,-0.66625863,-0.7574824,-0.580398,-0.47674543
682,1957-11-16,0.27952075,-0.85262877,-0.45633554,-0.37311944
683,1957-12-16,0.99313086,-0.8487691,-0.4862267,-0.36868736
684,1958-01-16,0.63672477,-0.51660573,-0.6622223,-0.4955542
685,1958-02-15,-0.87660784,-0.26554775,-0.9503381,-0.55808383
686,1958-03-16,-1.2069786,-0.4061716,-1.0563936,-0.6886915
687,1958-04-16,-1.1250694,-0.6951486,-0.9005679,-0.8969045
688,1958-05-16,-0.61574763,-0.90951514,-0.5897855,-1.0299602
689,1958-06-16,-0.5418711,-1.076645,-0.6577085,-1.0930955
690,1958-07-16,0.6153392,0.23704949,0.29096782,-0.30349833
691,1958-08-16,-0.23427452,-0.39865023,-0.5459614,-0.5387166
692,1958-09-16,0.21920025,0.09786981,-0.12140465,-0.025667038
693,1958-10-16,-0.24865891,0.192317,-0.06856554,-0.023340767
694,1958-11-16,1.0997831,0.17973639,0.038325515,-0.09242186
695,1958-12-16,1.8629465,0.5119662,0.39041954,0.18770806
696,1959-01-16,2.1613145,0.47453308,0.5643206,0.3310263
697,1959-02-15,1.7888439,1.6376424,0.51734114,0.38585243
698,1959-03-16,0.018072676,1.2305961,0.51264155,0.39129838
699,1959-04-16,-0.55700517,0.96750325,0.2677828,0.44053975
700,1959-05-16,-0.68953335,0.6741785,1.276219,0.3783933
701,1959-06-16,-0.21947819,-0.21465468,0.6600605,0.41708153
702,1959-07-16,1.581157,1.4669453,1.6812831,1.2459668
703,1959-08-16,1.1997848,1.0803934,1.2947143,1.4584912
704,1959-09-16,1.4041723,1.3383117,1.3144313,1.4815322
705,1959-10-16,0.41158262,1.3285556,1.2336758,1.4554174
706,1959-11-16,1.4124947,1.4491144,1.3599359,1.5417795
707,1959-12-16,1.4004872,1.4694064,1.4059417,1.3843831
708,1960-01-16,1.5456438,0.642083,1.4298377,1.3338073
709,1960-02-15,-0.99281067,0.89956737,1.3761795,1.2681386
710,1960-03-16,0.24480851,0.9703524,1.5008554,1.4281207
711,1960-04-16,0.56521,1.1728048,0.73123014,1.4641416
712,1960-05-16,1.3024768,0.45861426,1.2874987,1.4843421
713,1960-06-16,0.58226126,0.43365106,0.85901827,1.5017191
714,1960-07-16,-0.08771575,0.039566103,0.27122477,0.4549954
715,1960-08-16,-0.6273216,-0.31937167,-0.49669242,0.18278986
716,1960-09-16,-0.81161857,-0.6829169,-0.64860356,-0.478461
717,1960-10-16,-0.97638094,-0.7426004,-0.61886287,-0.44527423
718,1960-11-16,-0.71305037,-0.7903221,-0.5028084,-0.663736
719,1960-12-16,0.32710007,-0.7208441,-0.6045951,-0.57889354
720,1961-01-16,0.38187814,-0.75850916,-0.6391378,-0.5306392
721,1961-02-15,1.6825567,0.33366838,-0.44881317,-0.2033196
722,1961-03-16,0.9650594,0.8070524,-0.55398864,-0.44604224
723,1961-04-16,1.3941149,1.2904973,-0.26417792,-0.3416335
724,1961-05-16,0.56499493,1.3544623,0.40799746,-0.34961614
725,1961-06-16,2.1433427,2.1724985,2.1082757,0.014052995
726,1961-07-16,1.6526227,1.8093464,1.8005482,1.0602442
727,1961-08-16,1.6424811,1.6917101,1.8266633,1.5949264
728,1961-09-16,1.7511017,1.9636693,2.0087168,2.020179
729,1961-10-16,1.5709617,1.8976254,2.01509,2.0223472
730,1961-11-16,1.8575519,1.8822457,1.9220998,2.0278995
731,1961-12-16,0.54446167,1.741436,1.9499736,1.993158
732,1962-01-16,0.32783127,1.5163099,1.9039111,2.0062335
733,1962-02-15,-0.749102,1.419297,1.8433427,1.8655503
734,1962-03-16,-0.46516395,-0.15455155,1.696931,1.9140773
735,1962-04-16,-0.5756746,-0.40869984,1.3311353,1.8227401
736,1962-05-16,0.29666257,-0.25107738,1.3699121,1.8282825
737,1962-06-16,-0.007198509,-0.41291526,-0.2546995,1.6551665
738,1962-07-16,0.05373253,-0.19735438,-0.1819495,1.0600817
739,1962-08-16,-0.05730849,-0.032895207,-0.18515861,0.64138967
740,1962-09-16,0.6040416,0.56649274,0.43021375,0.4579778
741,1962-10-16,1.0262889,0.6331326,0.4779723,0.46367937
742,1962-11-16,1.7133924,0.5937375,0.60311186,0.47119364
743,1962-12-16,1.0659848,0.69640285,0.6554666,0.5284047
744,1963-01-16,0.25311014,0.99184394,0.6492237,0.49881828
745,1963-02-15,-0.7303128,1.3215457,0.49954155,0.5125781
746,1963-03-16,-1.2609388,-0.39941043,0.5038893,0.46863902
747,1963-04-16,-0.10735342,-0.048360497,0.8957791,0.5923363
748,1963-05-16,0.7476959,0.10004696,1.4082911,0.5943662
749,1963-06-16,0.630602,-0.38336658,-0.009639031,0.5599036
750,1963-07-16,-1.1001981,-1.0558679,-0.9770877,0.09342235
751,1963-08-16,-1.3666168,-1.1085769,-1.2100338,-0.3546854
752,1963-09-16,-1.2555399,-1.0439765,-1.2419729,-1.0989934
753,1963-10-16,-0.67055464,-1.1406322,-1.1155437,-1.0845189
754,1963-11-16,0.24704821,-1.1712117,-0.95991606,-1.0583316
755,1963-12-16,0.53859663,-1.1625079,-0.966546,-1.1584305
756,1964-01-16,0.6908089,-0.5213067,-1.0373907,-1.0217941
757,1964-02-15,0.040915716,0.05404101,-1.146371,-0.94583625
758,1964-03-16,-0.3294618,-0.010278435,-1.1987643,-1.014519
759,1964-04-16,-0.8660662,-0.47122803,-0.77841514,-1.1786678
760,1964-05-16,-0.87265027,-0.7117111,-0.39781895,-1.2537415
761,1964-06-16,0.7043653,0.19941312,0.27599457,-0.9923008
762,1964-07-16,0.66878897,0.36729914,0.40825418,-0.18998006
763,1964-08-16,0.81447744,0.61737394,0.56858975,0.50464696
764,1964-09-16,0.44867578,0.52518564,0.42961454,0.44010487
765,1964-10-16,0.55951154,0.62744176,0.43501464,0.45561817
766,1964-11-16,0.12689215,0.66586876,0.4890754,0.44036284
767,1964-12-16,1.0546242,0.5485915,0.6139724,0.5236059
768,1965-01-16,0.10922727,0.49964452,0.6200738,0.43253255
769,1965-02-15,-0.85319585,-0.43286425,0.5527248,0.37618753
770,1965-03-16,-0.26747572,0.33603397,0.4954918,0.5642365
771,1965-04-16,1.1123717,0.9003193,0.701451,0.7574847
772,1965-05-16,1.7720065,0.9935931,0.45943207,0.8138201
773,1965-06-16,1.1307533,0.5992358,0.83423793,0.63475317
774,1965-07-16,0.523183,0.73610914,0.6925185,0.7115287
775,1965-08-16,0.04952603,0.42072663,0.26720053,0.16760719
776,1965-09-16,-0.16127132,0.06791426,-0.002462247,0.10145141
777,1965-10-16,-0.7033834,-0.18157202,0.024003627,0.0026268433
778,1965-11-16,-1.3291438,-0.29695478,0.07451576,-0.068719916
779,1965-12-16,-0.9497743,-0.26854518,-0.038343515,-0.10150768
780,1966-01-16,-1.3509672,-0.9260587,-0.3137455,-0.09677976
781,1966-02-15,-1.3496875,-1.5948176,-0.46785504,-0.08497604
782,1966-03-16,-1.0121487,-1.2426068,-0.4449815,-0.20421009
783,1966-04-16,-0.23705107,-0.7974493,-0.9300227,-0.36489123
784,1966-05-16,0.23465888,-0.5601785,-1.0904571,-0.42106253
785,1966-06-16,0.7351893,-0.09839201,-0.46448794,-0.31069475
786,1966-07-16,0.092889965,-0.02952096,-0.24905898,-0.73710287
787,1966-08-16,-0.6643747,-0.6302692,-0.8312604,-1.1124113
788,1966-09-16,-0.86772656,-0.70095307,-0.8712611,-0.9836249
789,1966-10-16,-1.2156146,-0.7632633,-0.8078578,-0.95308447
790,1966-11-16,-0.24377865,-0.72563607,-0.69485945,-0.87766546
791,1966-12-16,-0.1258746,-0.8608274,-0.6987033,-0.8619742
792,1967-01-16,0.31800798,-1.1151438,-0.72874606,-0.76855624
793,1967-02-15,-0.64400214,-0.6595852,-0.8290448,-0.78224957
794,1967-03-16,1.9474729,1.472849,-0.43411565,-0.30106246
795,1967-04-16,1.9562867,1.7553405,-0.26628307,-0.23948886
796,1967-05-16,2.39446,1.7619238,0.78998095,-0.20103861
797,1967-06-16,1.1324257,1.8235903,1.5883642,-0.21724936
798,1967-07-16,1.8395994,2.080511,2.0410628,1.2777585
799,1967-08-16,1.6801239,1.9681585,1.904511,1.7200164
800,1967-09-16,1.5599538,1.6360922,1.7887486,1.764443
801,1967-10-16,0.65391797,1.5736688,1.7811818,1.7587931
802,1967-11-16,0.35699305,1.5378759,1.8031157,1.7355133
803,1967-12-16,1.6392041,1.6495473,1.7193766,1.8616239
804,1968-01-16,2.0758905,0.97180223,1.7404202,1.9211512
805,1968-02-15,2.1395807,1.1675586,1.7441952,1.9730825
806,1968-03-16,0.6803102,1.4630924,1.7181994,1.778506
807,1968-04-16,0.21779297,1.4194989,0.94371426,1.7352091
808,1968-05-16,0.63955003,1.8254019,1.1406144,1.7603165
809,1968-06-16,0.32934207,0.45998815,1.068867,1.7018957
810,1968-07-16,-0.8759832,-0.78597474,-0.21242885,0.17422765
811,1968-08-16,-1.312174,-1.1220465,-0.63128334,-0.55751723
812,1968-09-16,-1.3300433,-1.205967,-1.0728625,-0.80304384
813,1968-10-16,-1.0233126,-1.2321042,-1.1690085,-0.7948026
814,1968-11-16,-0.9125462,-1.4259297,-1.2609065,-0.8183348
815,1968-12-16,-0.6443358,-1.3714788,-1.2460757,-1.115713
816,1969-01-16,-0.7115879,-1.1279908,-1.2870319,-1.2166082
817,1969-02-15,-0.36432576,-0.9683362,-1.4485521,-1.2839166
818,1969-03-16,-1.0238135,-1.1307546,-1.5282652,-1.3961973
819,1969-04-16,-0.91863203,-1.0793889,-1.346697,-1.4256195
820,1969-05-16,-0.7939991,-0.8310528,-1.1472902,-1.5200934
821,1969-06-16,-0.5563866,-1.0056963,-1.1011047,-1.5089357
822,1969-07-16,-0.65641344,-0.9696898,-1.0722731,-1.4961014
823,1969-08-16,-1.1843195,-1.3281585,-1.3846108,-1.5556511
824,1969-09-16,-1.2794889,-1.3345307,-1.4860927,-1.5549062
825,1969-10-16,-1.5043818,-1.3346522,-1.4883049,-1.5634176
826,1969-11-16,-1.2965345,-1.3732442,-1.4959073,-1.5456127
827,1969-12-16,-1.1955383,-1.404586,-1.440804,-1.5747688
828,1970-01-16,-1.0048707,-1.6083168,-1.4127464,-1.5506704
829,1970-02-15,-0.24426769,-1.041954,-1.357838,-1.4694239
830,1970-03-16,1.1687934,0.31258252,-1.0871762,-1.1454769
831,1970-04-16,1.0220064,0.39745525,-1.0463293,-1.116461
832,1970-05-16,0.6810776,0.28601474,-0.5010285,-1.1578877
833,1970-06-16,-0.22474156,0.55618817,0.023315111,-1.0849335
834,1970-07-16,-0.06443006,0.24258344,0.06451603,-0.9159597
835,1970-08-16,0.833436,0.9084789,0.84494734,0.50880665
836,1970-09-16,1.2091646,1.1267744,1.254413,1.1454643
837,1970-10-16,1.6287707,1.1370524,1.2540696,1.1567404
838,1970-11-16,1.5331515,1.1560389,1.2192475,1.16771
839,1970-12-16,-0.29916903,1.1398453,1.055703,1.1877083
840,1971-01-16,0.60629606,1.6208967,1.1697159,1.2780881
841,1971-02-15,0.16229934,1.3094913,1.1564298,1.212456
842,1971-03-16,0.07198935,-0.18856859,1.1404238,1.0505589
843,1971-04-16,-0.9673374,-0.5893538,1.4081391,0.987227
844,1971-05-16,-0.61994004,-0.45938134,0.889852,1.0153214
845,1971-06-16,-0.18634665,-0.097827785,-0.24564323,1.0308104
846,1971-07-16,0.12409526,-0.23680435,-0.1418162,1.1049389
847,1971-08-16,-0.2994764,-0.47655308,-0.4652808,0.16704912
848,1971-09-16,-0.57866454,-0.64415723,-0.6154298,-0.673619
849,1971-10-16,-0.7437092,-0.49293014,-0.7022676,-0.6404953
850,1971-11-16,-0.7951416,-0.5192897,-0.6671231,-0.6526178
851,1971-12-16,-0.03294848,-0.57399786,-0.6316396,-0.60728884
852,1972-01-16,-0.23745267,-0.7315234,-0.49304137,-0.69301707
853,1972-02-15,0.95783097,-0.23647785,-0.38783944,-0.52495927
854,1972-03-16,0.7059139,0.38802108,-0.46569386,-0.51488006
855,1972-04-16,0.7059535,0.4151516,-0.5117423,-0.3723609
856,1972-05-16,-0.0788124,0.33890954,-0.32017624,-0.3954422
857,1972-06-16,0.49518108,0.585966,0.4089527,-0.38028324
858,1972-07-16,-0.6898669,-0.4646587,-0.5042995,-0.9225381
859,1972-08-16,-1.0907369,-1.0827435,-0.95517844,-1.1253793
860,1972-09-16,-1.346019,-1.195348,-1.0728418,-1.0923411
861,1972-10-16,-1.2101648,-1.2299681,-1.0772438,-1.1045344
862,1972-11-16,-0.9301352,-1.2325999,-1.2237147,-1.1124451
863,1972-12-16,-0.12218819,-1.3133183,-1.1691579,-1.0544418
864,1973-01-16,0.20502824,-1.118434,-1.1818283,-1.0359439
865,1973-02-15,-0.25497976,-0.9224011,-1.251739,-1.235348
866,1973-03-16,-0.7240199,-0.70168823,-1.439891,-1.2874441
867,1973-04-16,-1.1479661,-0.9173664,-1.4529167,-1.3858438
868,1973-05-16,-1.0521936,-0.94975996,-1.2439797,-1.4082026
869,1973-06-16,-1.1488088,-1.138015,-1.0677917,-1.5509549
870,1973-07-16,0.14997844,-0.26596335,-0.24771988,-1.0468991
871,1973-08-16,-0.18010028,-0.44820985,-0.5091147,-0.7703166
872,1973-09-16,-0.24388131,-0.49511063,-0.63072544,-0.6489684
873,1973-10-16,-0.5932622,-0.39335296,-0.6444577,-0.63682675
874,1973-11-16,-0.3240803,-0.319463,-0.55089015,-0.6047644
875,1973-12-16,0.15355048,-0.22727008,-0.46599075,-0.5980129
876,1974-01-16,-0.003737411,-0.59603256,-0.39490846,-0.6315119
877,1974-02-15,0.33470854,-0.2622411,-0.2992878,-0.5119248
878,1974-03-16,-0.48207194,-0.38722757,-0.3362329,-0.5555556
879,1974-04-16,-0.6011021,-0.5685251,-0.77194357,-0.5217615
880,1974-05-16,-0.41175106,-0.25831872,-0.47277915,-0.37437445
881,1974-06-16,-0.10941459,-0.46699592,-0.43754178,-0.36624482
882,1974-07-16,-1.2402984,-1.3620032,-1.3242251,-1.4092649
883,1974-08-16,-1.6949521,-1.6918148,-1.6294737,-1.6576202
884,1974-09-16,-1.7353045,-1.6634839,-1.6970044,-1.6715764
885,1974-10-16,-1.225857,-1.5263667,-1.5893373,-1.5912714
886,1974-11-16,-0.2738409,-1.6104535,-1.6322601,-1.5876807
887,1974-12-16,0.8313731,-1.5698011,-1.5124578,-1.557783
888,1975-01-16,0.9085343,-0.9117234,-1.3458496,-1.4298477
889,1975-02-15,1.2875435,0.30554217,-1.3238764,-1.3678894
890,1975-03-16,1.2965891,1.3808103,-1.2469238,-1.2184808
891,1975-04-16,0.6948736,0.9139107,-0.64455044,-1.155632
892,1975-05-16,0.23368526,0.81220907,0.22477646,-1.233745
893,1975-06-16,0.1101449,0.77805257,0.8896858,-1.1668441
894,1975-07-16,-1.1098726,-0.76586294,-0.57759964,-1.2438325
895,1975-08-16,0.1838878,0.18104242,0.32937762,0.16515264
896,1975-09-16,0.48709133,0.45600358,0.6145286,0.6540778
897,1975-10-16,1.431533,0.5350005,0.6067874,0.6601636
898,1975-11-16,1.3257365,0.5621431,0.5598589,0.6749214
899,1975-12-16,0.57336503,0.507129,0.47485802,0.63037276
900,1976-01-16,0.9499027,1.4739761,0.6269811,0.6929595
901,1976-02-15,1.3831365,1.5106115,0.73774433,0.73142016
902,1976-03-16,1.9816374,1.9399809,0.8595384,0.82307786
903,1976-04-16,1.392769,1.4992285,1.6737165,0.8387112
904,1976-05-16,0.99231577,1.4274586,1.656432,0.8483895
905,1976-06-16,0.027692242,1.302571,1.3135397,0.7971049
906,1976-07-16,1.0146729,1.2446736,1.2816534,1.6732998
907,1976-08-16,0.7904715,0.9228597,1.0615354,1.283447
908,1976-09-16,1.2749677,1.2304907,1.4655148,1.4715033
909,1976-10-16,1.0801613,1.1943437,1.3679444,1.4031343
910,1976-11-16,1.7394143,1.1810516,1.2846187,1.3877474
911,1976-12-16,-0.65632063,1.1926908,1.1467913,1.3876754
912,1977-01-16,0.21647075,1.0308088,1.1977465,1.36415
913,1977-02-15,-0.47847378,1.4031955,1.132626,1.2322655
914,1977-03-16,-1.2022959,-1.2442119,1.0621055,1.010569
915,1977-04-16,-1.4725378,-1.1727802,0.60545504,0.9528537
916,1977-05-16,-0.89356005,-0.9213738,0.89610946,0.9671622
917,1977-06-16,1.4578583,0.5018944,0.16242321,1.2163867
918,1977-07-16,1.1367716,0.74109966,0.717661,1.0699604
919,1977-08-16,0.63801473,0.4198015,0.3173934,0.8636543
920,1977-09-16,0.8135296,1.0114505,0.8265253,0.7422919
921,1977-10-16,0.61687887,0.9990008,0.722513,0.70877916
922,1977-11-16,1.3860278,0.94907,0.77796704,0.6914124
923,1977-12-16,-1.7209054,0.6382854,0.84990335,0.6645554
924,1978-01-16,-0.9165827,0.44947326,0.9312977,0.6510875
925,1978-02-15,-0.44568655,1.0255725,0.8931115,0.71749127
926,1978-03-16,0.08124372,-0.89601046,0.6280616,0.8396724
927,1978-04-16,-0.24724703,-0.64783156,0.3031228,0.8444445
928,1978-05-16,-0.7050534,-0.79621416,0.62631685,0.7518584
929,1978-06-16,1.3369496,1.0950956,0.42309508,0.79805845
930,1978-07-16,1.8410585,1.8057961,1.7005324,1.577715
931,1978-08-16,1.8537449,1.8075093,1.7572534,1.9187233
932,1978-09-16,1.4156737,1.5672809,1.5540826,1.4407086
933,1978-10-16,0.6364947,1.5704608,1.5411154,1.4663976
934,1978-11-16,-0.30585697,1.6250875,1.5639895,1.5108095
935,1978-12-16,0.06538229,1.3847742,1.5320958,1.5162789
936,1979-01-16,-0.13098787,0.5306639,1.5639278,1.5178661
937,1979-02-15,0.75757647,-0.116047435,1.6822824,1.6024275
938,1979-03-16,1.2337158,0.8869794,1.5168902,1.6465253
939,1979-04-16,0.98843205,0.68939286,0.6832603,1.6445494
940,1979-05-16,0.6877996,0.79131746,0.101796344,1.7152311
941,1979-06-16,0.12728417,0.67703193,0.52351874,1.4835947
942,1979-07-16,-1.1874485,-0.72961587,-0.7622216,-0.18939905
943,1979-08-16,0.25037426,0.34607348,0.38406298,0.19111134
944,1979-09-16,0.09325402,0.07554685,0.23151584,0.20334455
945,1979-10-16,1.1180362,0.16043489,0.3034251,0.24816754
946,1979-11-16,-0.056480944,0.11712817,0.21038496,0.24227154
947,1979-12-16,1.4845184,0.3055122,0.27947295,0.41262332
948,1980-01-16,1.1372536,1.1999527,0.30436516,0.43218467
949,1980-02-15,-0.08850584,-0.1480018,0.11899255,0.21073325
950,1980-03-16,-0.72004545,0.37613487,0.17436028,0.1558644
951,1980-04-16,-0.9085417,-0.21889922,0.94966173,0.10066465
952,1980-05-16,-0.6797307,-0.59747964,-0.5385177,-0.02164177
953,1980-06-16,1.1633451,0.5881367,1.0729245,0.36027566
954,1980-07-16,0.43621182,0.12765697,0.32222003,0.8541495
955,1980-08-16,-0.2291761,-0.39238963,-0.39036003,-0.4800755
956,1980-09-16,-0.9235257,-0.6049521,-0.7083116,-0.48510596
957,1980-10-16,-1.199914,-0.49364,-0.6763236,-0.5261711
958,1980-11-16,-0.4870555,-0.40844703,-0.5488987,-0.5469967
959,1980-12-16,1.6996317,-0.53967434,-0.26797825,-0.3969366
960,1981-01-16,1.7428024,-0.5960637,-0.19254065,-0.3882855
961,1981-02-15,1.4711897,0.26857662,-0.14039433,-0.28199616
962,1981-03-16,1.3438425,1.9459877,-0.25499317,-0.0052229585
963,1981-04-16,1.0227875,1.6529939,-0.23341465,0.02366091
964,1981-05-16,0.96442366,1.4798372,0.5579642,0.048478413
965,1981-06-16,-1.251695,0.025328843,0.7379749,-0.4844136
966,1981-07-16,0.11411322,0.3621144,0.6134629,-0.23747332
967,1981-08-16,-0.024451181,0.1576356,0.35531092,0.13239762
968,1981-09-16,-0.12405094,-0.37480712,-0.11546774,0.12564528
969,1981-10-16,-0.49454352,-0.2919133,-0.075460546,0.13635206
970,1981-11-16,-0.9858461,-0.26137257,-0.0708082,0.120936126
971,1981-12-16,-0.32097742,-0.18287738,-0.4220204,-0.16453473
972,1982-01-16,-0.295998,-0.5665533,-0.34205684,-0.11978108
973,1982-02-15,0.52599424,-0.35905245,-0.18108422,-0.0017826154
974,1982-03-16,1.2748399,0.8253803,0.07859025,-0.15368117
975,1982-04-16,1.4167635,1.0321361,-0.017716534,-0.03684731
976,1982-05-16,1.6047677,1.4491152,0.42456204,0.12400888
977,1982-06-16,0.6304457,1.0952857,0.8145137,0.14647251
978,1982-07-16,-0.61902475,-0.080495514,-0.17229082,-0.50397736
979,1982-08-16,-0.7756429,-0.36124963,-0.30707386,-0.52372783
980,1982-09-16,-0.90529996,-0.7440587,-0.46769646,-0.53609604
981,1982-10-16,-0.557818,-0.8535192,-0.50812775,-0.5787525
982,1982-11-16,-1.3003116,-1.0222561,-0.6337138,-0.5789433
983,1982-12-16,-0.5765292,-0.9441676,-0.7859204,-0.51920766
984,1983-01-16,-0.3409596,-0.63685584,-0.87647796,-0.5366552
985,1983-02-15,0.004822767,-0.9354548,-0.9894881,-0.6198611
986,1983-03-16,0.35055238,-0.16552547,-0.88160217,-0.73053247
987,1983-04-16,1.7687621,1.362896,-0.026765594,-0.4618684
988,1983-05-16,1.4942379,1.1143478,-0.030164743,-0.650804
989,1983-06-16,0.95542973,0.7633765,0.40490538,-0.65564317
990,1983-07-16,-0.17894366,0.37302932,0.27989697,-0.2704249
991,1983-08-16,0.91516733,1.1091384,1.0725622,0.74619603
992,1983-09-16,0.7844824,0.88336504,0.8765332,0.8078414
993,1983-10-16,1.191252,0.66254014,0.9158248,0.854097
994,1983-11-16,-0.5442008,0.6773683,0.86925507,0.83305854
995,1983-12-16,-0.007030232,0.75026417,0.84720445,0.84226215
996,1984-01-16,-0.13307819,1.0931537,0.62389743,0.8786433
997,1984-02-15,0.18507746,-0.42597243,0.65925926,0.8496243
998,1984-03-16,-0.40441996,-0.40782714,0.6727132,0.77551264
999,1984-04-16,-0.7160508,-0.7204436,0.8743959,0.4652546
1000,1984-05-16,-1.1118464,-0.8257912,-0.8669521,0.44924596
1001,1984-06-16,-1.0068328,-0.9190384,-0.854416,0.46347022
1002,1984-07-16,-0.8401715,-1.0450349,-1.0623856,0.18374999
1003,1984-08-16,0.49619555,0.2380676,0.20302597,0.0064783185
1004,1984-09-16,0.75154924,0.5534433,0.44487724,0.41673252
1005,1984-10-16,1.4359317,0.6531783,0.49279416,0.43423155
1006,1984-11-16,1.0634265,0.67573684,0.46486685,0.42602018
1007,1984-12-16,0.09420272,0.7284507,0.5358484,0.43326437
1008,1985-01-16,-0.50588447,1.3216586,0.59382546,0.43716943
1009,1985-02-15,-0.95444435,0.47648704,0.5505584,0.34095573
1010,1985-03-16,-1.3201913,-1.0050496,0.5218021,0.32632092
1011,1985-04-16,0.14869303,-0.16764508,1.2669269,0.57326555
1012,1985-05-16,0.6143989,-0.08623833,0.5913807,0.60741097
1013,1985-06-16,1.1700009,0.101516314,0.03268899,0.66893935
1014,1985-07-16,0.19128168,0.16549015,0.052266985,1.072938
1015,1985-08-16,0.28635892,0.358095,0.19216762,0.4647472
1016,1985-09-16,0.10805863,0.30969977,0.07870497,0.054291993
1017,1985-10-16,0.2341523,0.13635871,0.120101154,0.03587118
1018,1985-11-16,-0.42883268,0.103639185,0.17703319,0.021945084
1019,1985-12-16,-0.22183259,0.0659011,0.26480165,0.041302294
1020,1986-01-16,-0.77426034,0.06777486,0.062187694,0.049975216
1021,1986-02-15,-0.28209382,-0.5179839,0.06339788,0.13855456
1022,1986-03-16,0.00034355855,-0.22857894,0.05441919,0.25699094
1023,1986-04-16,0.20572656,-0.23538126,0.07673256,0.06902119
1024,1986-05-16,-0.07331923,-0.2939482,-0.5218381,0.023609025
1025,1986-06-16,0.058093514,-0.048174627,-0.20759207,0.018410707
1026,1986-07-16,-0.6232842,-0.5453892,-0.67261904,-0.44595864
1027,1986-08-16,0.38878915,0.33677378,0.2599589,0.07799464
1028,1986-09-16,0.16432664,0.14189482,0.11001816,0.054389663
1029,1986-10-16,0.81070507,0.12270573,0.12292329,0.023075083
1030,1986-11-16,-0.7147126,0.14208615,0.1016249,0.03150119
1031,1986-12-16,-0.123272166,0.13148847,0.10856164,0.07938852
1032,1987-01-16,-0.31518903,0.73056895,0.0830067,0.08499776
1033,1987-02-15,-0.6386585,-0.98948824,0.05619908,0.0152507005
1034,1987-03-16,-0.5345081,-0.54920805,0.052780796,0.033531044
1035,1987-04-16,-0.38075453,-0.53181505,0.5976548,-0.007738955
1036,1987-05-16,0.47166666,-0.081880845,-0.5739693,0.1102085
1037,1987-06-16,-0.33059582,-0.6038321,-0.64306056,-0.04212629
1038,1987-07-16,-1.3423634,-1.3512812,-1.3824743,-0.38369223
1039,1987-08-16,-1.7530944,-1.528577,-1.6209433,-1.7341712
1040,1987-09-16,-1.7847699,-1.7425468,-1.7592064,-1.7780149
1041,1987-10-16,-1.6132025,-1.7554772,-1.7405678,-1.7841606
1042,1987-11-16,-1.6627202,-1.9222448,-1.7226375,-1.8092381
1043,1987-12-16,-1.5199758,-1.9160197,-1.8560537,-1.8626541
1044,1988-01-16,-1.9776845,-1.9340239,-1.9219856,-1.8908211
1045,1988-02-15,-1.9108694,-2.152298,-2.117872,-1.9104273
1046,1988-03-16,-1.3112516,-1.6340047,-2.0783937,-2.0112815
1047,1988-04-16,-1.1014636,-1.6127421,-2.0942438,-2.0384767
1048,1988-05-16,-1.1015275,-1.572561,-1.9539678,-2.1971397
1049,1988-06-16,-1.783624,-1.7185686,-1.819904,-2.1921864
1050,1988-07-16,1.1453319,0.8603738,0.5954473,-0.5199889
1051,1988-08-16,1.2148569,1.0308403,0.7959442,0.40848732
1052,1988-09-16,1.0814903,0.8188011,0.61559725,0.45922992
1053,1988-10-16,0.33569163,0.86637676,0.6581777,0.46834835
1054,1988-11-16,-1.122688,0.9046659,0.71691334,0.48297095
1055,1988-12-16,-1.1120138,0.96821517,0.6966766,0.49315655
1056,1989-01-16,-0.5091676,0.18702419,0.8134915,0.5999682
1057,1989-02-15,-0.17101057,-0.9125405,0.870291,0.6731233
1058,1989-03-16,0.3241628,-0.40107268,1.0073442,0.73164016
1059,1989-04-16,0.10354683,-0.21773387,0.18097675,0.79176193
1060,1989-05-16,0.41139638,0.09409863,-0.5479423,0.8855779
1061,1989-06-16,0.40511018,0.3463963,-0.13718046,0.9905922
1062,1989-07-16,1.2339085,1.1946416,1.0887543,0.9260372
1063,1989-08-16,0.5405793,0.56599855,0.4930406,0.20468853
1064,1989-09-16,0.2836204,0.3073872,0.31755766,0.18420623
1065,1989-10-16,-1.1046169,0.3008793,0.27907023,0.19491762
1066,1989-11-16,-1.1318395,0.22227375,0.25673798,0.18627173
1067,1989-12-16,-0.59995896,0.20707467,0.2323728,0.24565731
1068,1990-01-16,-0.8961834,-1.1711375,0.23059337,0.2109089
1069,1990-02-15,0.62408066,-0.41832498,0.3126785,0.3432396
1070,1990-03-16,0.7739174,0.21195748,0.33143514,0.35328242
1071,1990-04-16,0.7600512,0.19137698,-0.8136933,0.33214444
1072,1990-05-16,0.05191434,0.32113326,-0.40931162,0.28783882
1073,1990-06-16,-0.45462003,0.118200496,-0.17579564,0.20906073
1074,1990-07-16,-0.9940255,-0.6372709,-0.76054114,-1.2998604
1075,1990-08-16,-0.30506387,-0.3264917,-0.22432643,-0.5158706
1076,1990-09-16,0.23546785,0.115777716,0.2376194,0.1534044
1077,1990-10-16,1.0355691,0.1523356,0.27144176,0.17751992
1078,1990-11-16,1.25094,0.14562288,0.120484956,0.20308487
1079,1990-12-16,-0.071208216,0.20783189,0.09223488,0.21217503
1080,1991-01-16,-0.03574261,0.96080434,0.13851084,0.25887793
1081,1991-02-15,0.71426487,1.1539053,0.21385539,0.19019146
1082,1991-03-16,0.5212407,0.2245871,0.26547694,0.1528684
1083,1991-04-16,0.33743194,0.16795978,0.95965856,0.16935456
1084,1991-05-16,0.16535799,0.36838078,1.0249573,0.21615572
1085,1991-06-16,-0.23567455,0.013927448,-0.1088684,0.17460003
1086,1991-07-16,-1.433095,-1.1454552,-1.12287,-0.01465866
1087,1991-08-16,-1.7347912,-1.5677137,-1.4377409,-0.8995846
1088,1991-09-16,-1.6068584,-1.5725803,-1.4229372,-1.4317045
1089,1991-10-16,-1.0898343,-1.5648193,-1.4044527,-1.4100981
1090,1991-11-16,-0.19391309,-1.627602,-1.5098078,-1.4027374
1091,1991-12-16,0.4737667,-1.4881915,-1.4638522,-1.3332483
1092,1992-01-16,1.0495455,-0.74231666,-1.3425058,-1.2244074
1093,1992-02-15,0.95611954,0.15195875,-1.4042028,-1.3181171
1094,1992-03-16,0.588608,0.58996034,-1.3274341,-1.3171517
1095,1992-04-16,0.48035088,0.8296899,-0.5797331,-1.1941936
1096,1992-05-16,0.7908882,0.99105185,0.38494816,-1.1668196
1097,1992-06-16,-0.19091499,0.071988404,0.13307011,-1.262807
1098,1992-07-16,-0.07231964,0.029377775,0.18735318,-0.6023462
1099,1992-08-16,0.13979743,0.26573715,0.35122234,0.1920888
1100,1992-09-16,0.25673768,0.19820006,0.24767265,0.25970295
1101,1992-10-16,0.46637544,0.11459443,0.15982878,0.24835955
1102,1992-11-16,-0.009196639,0.033681817,0.15777232,0.23469779
1103,1992-12-16,-0.80403185,0.15275615,0.09895314,0.15335298
1104,1993-01-16,-0.9468727,0.2952279,0.02846814,0.07978802
1105,1993-02-15,-0.86711097,-0.48612034,-0.08008428,0.052754458
1106,1993-03-16,-0.38937703,-0.7735259,0.0795545,0.032501914
1107,1993-04-16,-0.40557072,-0.7759434,0.10745594,-0.08301754
1108,1993-05-16,-0.461573,-0.80599964,-0.66820127,-0.18048757
1109,1993-06-16,-1.0296735,-0.92031527,-1.0756826,-0.1277412
1110,1993-07-16,-0.85990804,-0.9399519,-1.0547819,-0.53777426
1111,1993-08-16,-1.3635013,-1.4025217,-1.4929857,-1.4725988
1112,1993-09-16,-1.2774234,-1.4261904,-1.4318134,-1.5188009
1113,1993-10-16,-1.4511116,-1.4580688,-1.4752839,-1.5512745
1114,1993-11-16,-0.17581384,-1.3113428,-1.3632674,-1.4535469
1115,1993-12-16,-0.5263498,-1.3093572,-1.4447552,-1.4501582
1116,1994-01-16,-0.50697184,-1.4841342,-1.4791628,-1.492981
1117,1994-02-15,-1.1559348,-0.75449425,-1.4244903,-1.4582125
1118,1994-03-16,-1.1275548,-1.1402229,-1.4635265,-1.5759499
1119,1994-04-16,-0.61361974,-0.77954584,-1.5434784,-1.5135224
1120,1994-05-16,-0.7041973,-1.0794328,-0.9613645,-1.4746889
1121,1994-06-16,-0.26201344,-0.863789,-0.96118075,-1.4118251
1122,1994-07-16,1.2134048,1.049919,0.9400417,-0.08392932
1123,1994-08-16,1.7157911,1.6553291,1.5522062,1.3695421
1124,1994-09-16,1.9732368,1.9305117,1.852358,1.8092532
1125,1994-10-16,1.9145454,1.9087112,1.8713871,1.818318
1126,1994-11-16,1.6651615,1.886182,1.8404927,1.7602996
1127,1994-12-16,-0.3196258,1.9263014,1.8809514,1.7987772
1128,1995-01-16,0.07742429,1.8935058,1.92042,1.8649337
1129,1995-02-15,0.25671732,1.4951977,1.9239802,1.8567343
1130,1995-03-16,0.14216006,-0.18110147,1.9788465,1.9179791
1131,1995-04-16,-0.021009712,-0.060354263,1.8853035,1.9168556
1132,1995-05-16,0.031023815,0.048467267,1.3371223,1.904329
1133,1995-06-16,-0.98723626,-0.6383908,-0.720895,1.8776889
1134,1995-07-16,0.36192995,0.28299117,0.25363377,1.6132195
1135,1995-08-16,-0.38193023,-0.4001613,-0.3904691,0.31978446
1136,1995-09-16,-0.4013945,-0.5906625,-0.58341074,-0.64024264
1137,1995-10-16,-1.1189883,-0.51005375,-0.5342118,-0.5461463
1138,1995-11-16,-0.26450482,-0.48293978,-0.4936805,-0.4878191
1139,1995-12-16,0.6776348,-0.30057055,-0.48526675,-0.48207676
1140,1996-01-16,0.09906931,-1.0031292,-0.47118735,-0.49417096
1141,1996-02-15,0.2136702,-0.15328538,-0.4197931,-0.42968535
1142,1996-03-16,-0.07918658,0.24564765,-0.30051422,-0.47637966
1143,1996-04-16,-0.34752196,-0.28718305,-1.0574691,-0.53685236
1144,1996-05-16,-0.016410867,0.024560198,-0.21620601,-0.42243704
1145,1996-06-16,1.4004166,0.9943025,1.0507507,-0.028030686
1146,1996-07-16,-0.124871925,-0.2589979,-0.24268478,-0.9597735
1147,1996-08-16,-0.9141875,-0.88379663,-0.82355946,-0.91975135
1148,1996-09-16,-1.2934065,-0.88497174,-0.85825783,-0.7756878
1149,1996-10-16,-1.0056853,-0.7914189,-0.8441975,-0.8271887
1150,1996-11-16,0.037376586,-0.8698777,-0.8490393,-0.8011291
1151,1996-12-16,0.020303443,-1.2343243,-0.849884,-0.82869697
1152,1997-01-16,-0.003317228,-0.9413762,-0.7634302,-0.8155577
1153,1997-02-15,-0.73743147,-0.40845814,-0.9482793,-0.9187739
1154,1997-03-16,0.67437506,0.42340362,-1.0665693,-0.711005
1155,1997-04-16,1.0096303,0.7747374,-0.55508626,-0.5461336
1156,1997-05-16,1.7410794,1.0177165,0.4936442,-0.5301635
1157,1997-06-16,1.7990104,1.719957,1.5319592,-0.58034426
1158,1997-07-16,0.10397175,0.33764163,0.29481256,-0.46139443
1159,1997-08-16,0.12018198,0.4463202,0.3198073,0.20934601
1160,1997-09-16,0.02667916,0.40755564,0.473419,0.4461948
1161,1997-10-16,0.8160717,0.47763646,0.60824805,0.5770267
1162,1997-11-16,0.99348426,0.38939628,0.66516066,0.5573861
1163,1997-12-16,1.517532,0.20464125,0.54938096,0.61036074
1164,1998-01-16,0.20252196,0.7760058,0.48537114,0.6136842
1165,1998-02-15,0.66975796,0.9208125,0.44759473,0.71420187
1166,1998-03-16,0.54040575,1.3172565,0.28625298,0.6226705
1167,1998-04-16,-0.06436819,-0.05343764,0.70429164,0.44410348
1168,1998-05-16,-0.7596428,-0.34419873,0.483785,0.3020256
1169,1998-06-16,-0.30822405,0.05517732,0.60916173,0.18702972
1170,1998-07-16,-0.11970562,-0.16264378,-0.15726598,0.3427329
1171,1998-08-16,-0.62701,-0.7769332,-0.6946834,-0.35234052
1172,1998-09-16,-0.92708635,-0.9768533,-0.8310163,-0.63768417
1173,1998-10-16,-1.250317,-0.8836019,-0.85811216,-0.84972066
1174,1998-11-16,-0.9767002,-0.8287826,-0.9452876,-0.86714303
1175,1998-12-16,-1.4000883,-1.0882566,-1.1181037,-0.964815
1176,1999-01-16,-1.5869448,-1.4778522,-1.0385426,-0.99631244
1177,1999-02-15,-0.6425502,-1.0033875,-0.90045345,-1.0022287
1178,1999-03-16,-0.28831363,-0.94107145,-1.100738,-1.1217343
1179,1999-04-16,-0.5592868,-1.1111895,-1.4760042,-1.1037452
1180,1999-05-16,-0.62477356,-0.8154546,-1.070185,-0.98489875
1181,1999-06-16,-0.3828585,-0.43866366,-0.8367593,-1.1160089
1182,1999-07-16,-1.1412935,-1.2276658,-1.4531021,-1.8540792
1183,1999-08-16,-1.3563433,-1.4481004,-1.5121592,-1.6563072
1184,1999-09-16,-1.3433403,-1.4012268,-1.4018122,-1.5576386
1185,1999-10-16,-0.4912756,-1.0816596,-1.1723025,-1.3383515
1186,1999-11-16,0.4313511,-1.1066667,-1.2227837,-1.3062861
1187,1999-12-16,1.0015054,-1.1883001,-1.2448268,-1.2531699
1188,2000-01-16,-0.91784614,-0.6838069,-1.1648769,-1.2414495
1189,2000-02-15,-0.9461226,-0.15974389,-1.2169847,-1.3103158
1190,2000-03-16,-0.63210475,0.13779193,-1.2912552,-1.325082
1191,2000-04-16,-1.0116757,-1.2218585,-1.0228907,-1.3372945
1192,2000-05-16,-1.2377027,-1.3164766,-0.8082585,-1.4159267
1193,2000-06-16,-1.6300834,-1.3497936,-0.85441643,-1.4915224
1194,2000-07-16,-0.41901392,-0.7484824,-0.88234776,-1.1103984
1195,2000-08-16,-0.45591456,-0.763213,-0.8961169,-0.8073344
1196,2000-09-16,-0.5344838,-0.85820925,-0.9460711,-0.8385367
1197,2000-10-16,-0.6534029,-0.79412395,-0.99235106,-1.0925522
1198,2000-11-16,-1.18829,-0.7345379,-0.99892503,-1.1164304
1199,2000-12-16,-1.7038109,-0.7260988,-1.0244509,-1.0975353
1200,2001-01-16,-1.6629124,-0.9706262,-0.9548697,-1.1267222
1201,2001-02-15,-1.5467638,-1.7122431,-0.9377269,-1.1630256
1202,2001-03-16,-1.1623117,-1.6223465,-0.9293664,-1.1907898
1203,2001-04-16,-0.69465876,-1.2349744,-1.1408241,-1.0531073
1204,2001-05-16,-0.7347561,-1.2328507,-1.5686244,-1.0410908
1205,2001-06-16,0.6814261,-0.17161708,-0.7218372,-0.7509806
1206,2001-07-16,0.5654518,0.32239705,0.06605817,-0.51120955
1207,2001-08-16,0.05499935,-0.14829458,-0.38963458,-0.7013405
1208,2001-09-16,-0.43570837,-0.3061338,-0.517593,-0.7119193
1209,2001-10-16,-1.1268653,-0.3700903,-0.520627,-0.7007821
1210,2001-11-16,-1.7093883,-0.33851245,-0.50963134,-0.7229678
1211,2001-12-16,-2.0629394,-0.6756197,-0.53050095,-0.7218815
1212,2002-01-16,-2.0587559,-1.4936994,-0.58304006,-0.70828336
1213,2002-02-15,-1.5178561,-1.9141543,-0.5468988,-0.6919799
1214,2002-03-16,-1.204009,-1.7586044,-0.8841186,-0.7216469
1215,2002-04-16,-1.1693754,-1.6798129,-1.7357951,-0.8071382
1216,2002-05-16,-1.4017763,-1.6155063,-1.9765174,-0.8016553
1217,2002-06-16,-1.557229,-1.5669471,-1.8182247,-1.1158943
1218,2002-07-16,-1.2984774,-1.5992787,-1.881431,-2.1049855
1219,2002-08-16,-1.0666894,-1.3622116,-1.5560175,-1.8185663
1220,2002-09-16,-1.094722,-1.37631,-1.5319191,-1.7421832
1221,2002-10-16,-0.8206519,-1.3493202,-1.5343664,-1.7294353
1222,2002-11-16,-0.95015156,-1.2179981,-1.4784073,-1.6564503
1223,2002-12-16,-0.62176514,-1.1231658,-1.3847628,-1.5382359
1224,2003-01-16,-0.45790273,-0.8391473,-1.3312227,-1.5163078
1225,2003-02-15,-0.4762373,-0.9628666,-1.2264338,-1.4668384
1226,2003-03-16,-0.78596413,-0.9384246,-1.2322067,-1.4628332
1227,2003-04-16,-0.89540964,-0.93702924,-1.0880264,-1.446819
1228,2003-05-16,-0.8293289,-0.86629,-1.1786606,-1.3330705
1229,2003-06-16,-0.3303418,-0.695149,-0.8445148,-1.2328293
1230,2003-07-16,1.7418678,1.6095973,1.5317982,0.8093622
1231,2003-08-16,1.5888624,1.4932386,1.43345,1.1535618
1232,2003-09-16,1.3742114,1.3005729,1.2040461,1.142985
1233,2003-10-16,0.2547823,1.3279896,1.2079974,1.1558881
1234,2003-11-16,-0.81004816,1.3092189,1.2025721,1.1403005
1235,2003-12-16,-0.791863,1.2926483,1.2150469,1.1160837
1236,2004-01-16,-0.4498658,0.15136537,1.3040401,1.17292
1237,2004-02-15,-1.1100074,-1.1688356,1.2347413,1.1081583
1238,2004-03-16,-1.778844,-1.6702334,1.1300201,1.0367308
1239,2004-04-16,-2.0025454,-1.7981112,-0.5598352,1.0114388
1240,2004-05-16,-1.8517638,-1.7402198,-1.7755545,0.960223
1241,2004-06-16,-1.1150216,-1.6335051,-1.6123958,0.93520737
1242,2004-07-16,-1.3836479,-2.0610173,-2.0044136,-1.313811
1243,2004-08-16,-1.2262307,-1.6333681,-1.7276373,-1.8474939
1244,2004-09-16,-1.3685455,-1.55417,-1.7775803,-1.8471181
1245,2004-10-16,-0.7626194,-1.3546432,-1.7345172,-1.7450246
1246,2004-11-16,-0.8997445,-1.3402318,-1.6982882,-1.7815895
1247,2004-12-16,-0.032121222,-1.3338181,-1.5052571,-1.728175
1248,2005-01-16,-0.50909126,-0.7850122,-1.3435292,-1.7125093
1249,2005-02-15,0.42872825,-0.39636505,-1.1890837,-1.5320864
1250,2005-03-16,0.22993545,0.06750733,-1.229819,-1.3883859
1251,2005-04-16,0.034771226,-0.25687116,-0.7052139,-1.2520225
1252,2005-05-16,0.21859133,0.28638098,-0.2876137,-1.0803022
1253,2005-06-16,0.11803333,0.10163711,-0.012490578,-1.1364511
1254,2005-07-16,-0.9313598,-0.84874177,-0.9056557,-1.1982423
1255,2005-08-16,-0.9958613,-0.8837509,-0.7944526,-0.9982001
1256,2005-09-16,-0.5207119,-0.47663453,-0.40840697,-0.43398404
1257,2005-10-16,0.08879839,-0.51996297,-0.47669625,-0.5274413
1258,2005-11-16,0.5720698,-0.68148905,-0.5909867,-0.5121157
1259,2005-12-16,-0.10494938,-0.51251173,-0.47380605,-0.41098577
1260,2006-01-16,-0.11183586,0.06686403,-0.5119153,-0.47150534
1261,2006-02-15,-1.032847,0.13641454,-0.7981607,-0.70142984
1262,2006-03-16,-0.7138076,-0.67221916,-0.631833,-0.589016
1263,2006-04-16,0.70509493,0.46246907,0.25584134,-0.35463586
1264,2006-05-16,0.7100843,-0.048537426,0.3945733,-0.60375774
1265,2006-06-16,-0.18771379,-0.6155888,-0.6329907,-0.6370641
1266,2006-07-16,-0.7097621,-0.39040932,-0.41135335,-0.29055673
1267,2006-08-16,0.74389005,0.82211393,0.6695113,0.72484493
1268,2006-09-16,0.99125606,0.92337406,0.7835386,0.7528803
1269,2006-10-16,1.4051666,0.66049874,0.738556,0.70226604
1270,2006-11-16,0.81399083,0.79801327,0.8682326,0.7327682
1271,2006-12-16,-1.0448304,0.8877618,0.8206412,0.68540597
1272,2007-01-16,-0.84380853,1.2858224,0.5981698,0.67780423
1273,2007-02-15,0.0038394928,0.6609187,0.7997293,0.86628103
1274,2007-03-16,1.1204445,0.28732964,1.0508105,0.9794572
1275,2007-04-16,0.59118843,0.08736887,1.3715492,0.7010239
1276,2007-05-16,-0.1176686,-0.18709457,0.49980074,0.76483154
1277,2007-06-16,-0.6082848,0.27266625,-0.18342389,0.8985481
1278,2007-07-16,-0.13179812,0.04279391,-0.10313229,0.97617006
1279,2007-08-16,0.67294693,0.62238705,0.5892879,0.716475
1280,2007-09-16,0.50483567,0.3499195,0.51849073,0.4049116
1281,2007-10-16,0.9161341,0.47162274,0.56768775,0.4770628
1282,2007-11-16,-0.5441268,0.47217134,0.438969,0.41233197
1283,2007-12-16,0.10046386,0.50127447,0.3527267,0.5135899
1284,2008-01-16,0.6702457,0.97383946,0.5556124,0.6408055
1285,2008-02-15,1.10553,0.19462684,0.59952956,0.5626919
1286,2008-03-16,-0.64009345,-0.5095163,0.3878753,0.24241762
1287,2008-04-16,0.011939859,0.29581648,0.8511963,0.49240437
1288,2008-05-16,-0.1300248,0.43938133,0.019246295,0.5299323
1289,2008-06-16,0.19945697,-0.279042,-0.27709466,0.36201733
1290,2008-07-16,-0.63398004,-0.6169314,-0.4400744,0.27483726
1291,2008-08-16,-0.24636964,-0.3174386,-0.16732246,-0.28549126
1292,2008-09-16,-0.16624734,-0.15449108,-0.28760445,-0.28787336
1293,2008-10-16,0.16657944,-0.3999197,-0.4359701,-0.3497391
1294,2008-11-16,-0.939657,-0.40232444,-0.45290884,-0.30849358
1295,2008-12-16,-1.3375063,-0.31351113,-0.2929872,-0.41572765
1296,2009-01-16,-1.1957521,-0.025105199,-0.48490447,-0.5111281
1297,2009-02-15,-1.7586459,-1.1998522,-0.60864234,-0.63929415
1298,2009-03-16,-1.7981051,-1.8513782,-0.62923616,-0.58400756
1299,2009-04-16,-1.5095206,-1.6197723,-0.5318555,-0.7867858
1300,2009-05-16,-1.4616023,-1.7003828,-1.4829706,-0.8662057
1301,2009-06-16,-1.184196,-1.6669792,-1.7471011,-0.82099646
1302,2009-07-16,0.7020829,0.2767929,0.14189136,0.04393577
1303,2009-08-16,0.33487785,0.021930344,-0.19774237,-0.38668543
1304,2009-09-16,0.34424546,0.11481354,-0.15588205,-0.29149655
1305,2009-10-16,-0.39313737,0.13268122,-0.15020394,-0.23959824
1306,2009-11-16,0.0097522875,0.21974291,-0.04907946,-0.2388969
1307,2009-12-16,-0.9965892,0.24772796,0.024473023,-0.24033591
1308,2010-01-16,-1.7003807,-0.6474007,-0.008608327,-0.28002954
1309,2010-02-15,-1.3973788,-0.55161643,0.06527652,-0.1906629
1310,2010-03-16,-2.0864737,-1.9319974,-0.109291516,-0.31510198
1311,2010-04-16,-1.9743118,-2.1178203,-1.2573992,-0.40472648
1312,2010-05-16,-2.3870847,-2.13979,-1.6210059,-0.39925966
1313,2010-06-16,-0.7036541,-1.5992174,-1.628945,-0.215943
1314,2010-07-16,0.8549806,0.25063735,-0.0022885203,-0.34657466
1315,2010-08-16,1.3623874,0.9686694,0.7970685,0.68204826
1316,2010-09-16,1.3422079,1.2346659,0.9487417,0.86150116
1317,2010-10-16,1.3464427,1.2965906,0.98659563,0.8491723
1318,2010-11-16,0.8417363,1.3664217,1.0239465,0.87586015
1319,2010-12-16,-0.44650543,1.2604688,1.1523046,0.86757964
1320,2011-01-16,-0.10858722,1.2355256,1.2633672,0.94606256
1321,2011-02-15,-0.16743717,0.65085346,1.3543841,0.99980724
1322,2011-03-16,-0.50899386,-0.6457806,1.2323675,1.1163453
1323,2011-04-16,-0.41662455,-0.4709269,1.1565201,1.208026
1324,2011-05-16,-0.8558299,-0.7845274,0.21404226,1.2243562
1325,2011-06-16,-1.0194119,-0.9189515,-0.9737475,1.0470196
1326,2011-07-16,-1.263301,-1.2276036,-1.2308202,0.31935474
1327,2011-08-16,-0.36142874,-0.5646548,-0.61317253,-0.26725084
1328,2011-09-16,-0.19098458,-0.40920877,-0.4855543,-0.5693254
1329,2011-10-16,0.5279616,-0.43435624,-0.50504833,-0.55606514
1330,2011-11-16,-0.31038028,-0.43934512,-0.6112296,-0.65488714
1331,2011-12-16,-1.8414156,-0.4021316,-0.60709137,-0.66879195
1332,2012-01-16,-1.7427131,0.23845723,-0.61045057,-0.6629666
1333,2012-02-15,-0.55200195,-0.5423331,-0.5280088,-0.6831558
1334,2012-03-16,-0.3431914,-1.2090349,-0.4900046,-0.6783738
1335,2012-04-16,-0.44727734,-1.0930938,0.034607626,-0.705466
1336,2012-05-16,-0.63250387,-0.79701966,-0.7454847,-0.6462543
1337,2012-06-16,-0.98043656,-0.89282465,-1.302468,-0.66185987
1338,2012-07-16,-1.467299,-1.4740033,-1.7052636,-0.90191853
1339,2012-08-16,-1.5087622,-1.5754633,-1.6244123,-1.6279689
1340,2012-09-16,-0.17548542,-0.3665983,-0.42600173,-0.6246316
1341,2012-10-16,0.65095985,-0.35864118,-0.4402962,-0.6141399
1342,2012-11-16,1.7020351,-0.3633642,-0.4874731,-0.5622645
1343,2012-12-16,-0.9710764,-0.29221454,-0.47020483,-0.5195825
1344,2013-01-16,-1.040406,0.42182377,-0.46946454,-0.53315115
1345,2013-02-15,0.12904775,1.5915897,-0.30588236,-0.42637977
1346,2013-03-16,-0.3084954,-0.7698007,-0.30138066,-0.47350648
1347,2013-04-16,1.035601,0.4289558,0.72796327,-0.1876184
1348,2013-05-16,0.36995512,0.2520938,1.5594695,-0.21950455
1349,2013-06-16,0.80216867,0.38446358,-0.052171927,-0.14912824
1350,2013-07-16,-1.1796429,-0.57911086,-0.75869673,-0.082952395
1351,2013-08-16,-0.024375452,0.022819595,0.025181325,0.7498347
1352,2013-09-16,-0.22032191,-0.073237434,-0.12386127,-0.24993832
1353,2013-10-16,0.56470877,-0.36571527,-0.113155186,-0.24748668
1354,2013-11-16,-1.0543222,-0.3043159,-0.24106331,-0.2317816
1355,2013-12-16,-0.9017941,-0.3423711,-0.1884096,-0.22849937
1356,2014-01-16,-0.8114925,0.36434275,-0.45953614,-0.19903722
1357,2014-02-15,-0.5920885,-1.0798728,-0.40746453,-0.33048293
1358,2014-03-16,-0.29636186,-0.74128115,-0.40675768,-0.24759868
1359,2014-04-16,0.07722076,-0.3488634,0.3117935,-0.44148254
1360,2014-05-16,0.08688385,-0.33001304,-0.7909274,-0.3784947
1361,2014-06-16,-1.0899364,-0.9216494,-1.094914,-0.5951446
1362,2014-07-16,-1.8547542,-1.5586238,-1.6504319,-0.818687
1363,2014-08-16,-1.8153344,-1.669298,-1.7321272,-1.8692775
1364,2014-09-16,-1.2444627,-1.4007196,-1.3788767,-1.4751246
1365,2014-10-16,-0.80254716,-1.5627493,-1.4221852,-1.5026476
1366,2014-11-16,-0.050845765,-1.5082749,-1.3975021,-1.456897
1367,2014-12-16,-1.0404452,-1.3466368,-1.4804817,-1.4525757
1368,2015-01-16,-0.8523326,-0.9353734,-1.6171522,-1.4772617
1369,2015-02-15,-1.7134104,-0.5753274,-1.6977977,-1.5671387
1370,2015-03-16,-0.8041967,-1.1315341,-1.4035696,-1.5242753
1371,2015-04-16,-0.7817154,-1.0383639,-1.0109453,-1.6266749
1372,2015-05-16,-0.70649,-1.2992003,-0.5846423,-1.6619952
1373,2015-06-16,-0.6316594,-0.88566715,-1.1040591,-1.4004614
1374,2015-07-16,0.12714444,-0.15254755,-0.3225398,-0.77016264
1375,2015-08-16,-0.542903,-0.6922006,-0.96652246,-0.80910635
1376,2015-09-16,-0.30539173,-0.43865857,-0.568609,-0.70321107
1377,2015-10-16,-0.7408238,-0.4600036,-0.61083233,-0.73007786
1378,2015-11-16,0.28727207,-0.41066775,-0.53602004,-0.7870387
1379,2015-12-16,-1.9515002,-0.53067803,-0.647114,-0.7596918
1380,2016-01-16,-2.0279658,-1.1021547,-0.67197174,-0.7974456
1381,2016-02-15,-2.062599,-0.5883868,-0.701398,-0.79650444
1382,2016-03-16,-1.3067997,-1.7779471,-0.7559836,-0.85104305
1383,2016-04-16,-1.0457692,-1.5854598,-1.2943288,-0.85590255
1384,2016-05-16,-1.2750713,-1.7311563,-0.961562,-0.90303504
1385,2016-06-16,-1.9606628,-1.8036551,-1.9633192,-1.0598303
1386,2016-07-16,-1.8090338,-1.9386622,-2.2010062,-2.0641596
1387,2016-08-16,-0.49385464,-0.77319986,-1.0776149,-0.93823117
1388,2016-09-16,-0.64470565,-1.0120561,-1.1936125,-1.3959824
1389,2016-10-16,0.12781405,-0.97972757,-1.1370076,-1.3374197
1390,2016-11-16,-1.5778122,-0.821136,-1.046298,-1.3079082
1391,2016-12-16,-1.9291489,-0.874024,-1.2088255,-1.3640213
1392,2017-01-16,-0.92589986,-0.022595774,-1.0316321,-1.1819594
1393,2017-02-15,-1.3317927,-1.6605682,-0.9674098,-1.1677543
1394,2017-03-16,-0.91256815,-1.5343316,-0.9927256,-1.2996799
1395,2017-04-16,-1.7173922,-1.7195668,-0.58303756,-1.3510622
1396,2017-05-16,-1.7545581,-1.7526652,-2.0224555,-1.262712
1397,2017-06-16,-1.4132841,-1.3545079,-1.6452765,-1.1754708
1398,2017-07-16,-0.086101204,-0.72544813,-0.84219664,-0.615025
1399,2017-08-16,-0.20429818,-0.6355007,-0.81442195,-1.1289101
1400,2017-09-16,-0.38578695,-0.65565526,-0.77805346,-0.9928332
1401,2017-10-16,-0.722139,-0.59561765,-0.9588637,-1.0373513
1402,2017-11-16,-1.4027402,-0.51739764,-0.8824487,-1.0280267
1403,2017-12-16,-0.93238485,-0.467542,-0.7243832,-0.84350324
1404,2018-01-16,-0.89671755,-0.7951353,-0.6574383,-1.0020618
1405,2018-02-15,-1.5286995,-1.547953,-0.7000342,-1.0295416
1406,2018-03-16,-2.3007019,-2.0384228,-0.90671575,-1.1216974
1407,2018-04-16,-2.112116,-2.0066426,-1.4737842,-1.1050936
1408,2018-05-16,-2.236525,-2.0888383,-2.1798396,-1.1283708
1409,2018-06-16,-1.6917647,-2.1316724,-2.0146587,-1.1481414
1410,2018-07-16,-1.3892375,-2.1108925,-2.1224804,-1.9989983
1411,2018-08-16,-1.4068266,-1.8983948,-2.0231714,-2.1731434
1412,2018-09-16,-1.535323,-1.8184291,-2.1328359,-2.181525
1413,2018-10-16,-1.4482596,-1.7211092,-2.0798101,-2.1206732
1414,2018-11-16,-1.6720474,-1.6275942,-2.0521896,-2.157095
1415,2018-12-16,-1.8463466,-1.7205721,-1.9639552,-2.251415
1416,2019-01-16,-1.7652112,-1.7109276,-1.8586016,-2.182983
1417,2019-02-15,-0.7226871,-1.4305148,-1.6417805,-2.0280588
1418,2019-03-16,0.67563635,-0.3341151,-1.3919688,-1.6348064
1419,2019-04-16,0.31059176,-0.44087785,-1.2586771,-1.5651181
1420,2019-05-16,0.39270937,-0.11537131,-0.7681284,-1.3801147
1421,2019-06-16,-1.1190174,-0.26320955,-0.7925832,-1.4875096
1422,2019-07-16,-0.18154156,-0.03381459,-0.32070026,-1.1363868
1423,2019-08-16,0.2508308,0.3847606,0.25756288,-0.12262225
1424,2019-09-16,0.53190905,0.33015484,0.5124144,0.32234082
1425,2019-10-16,0.8705924,0.43719465,0.5585748,0.37697655
1426,2019-11-16,0.85565823,0.42291823,0.56149334,0.45286638
1427,2019-12-16,0.17964093,0.52355987,0.32744732,0.50059474
1428,2020-01-16,0.44681472,0.896926,0.49116975,0.5978479
1429,2020-02-15,-0.6399251,0.4817258,0.34910008,0.4850061
1430,2020-03-16,-0.22493392,-0.16248439,0.50947535,0.3137515
1431,2020-04-16,-0.8762976,-0.5812659,0.659714,0.32319984
1432,2020-05-16,-0.9149313,-1.0167437,0.07027251,0.2052166
1433,2020-06-16,-2.0898137,-1.3651227,-1.1857244,0.1628822
1434,2020-07-16,-0.76165444,-1.0076432,-0.88637686,0.061154954
1435,2020-08-16,1.7238369,1.6360328,1.5646749,1.5826792
1436,2020-09-16,1.7362431,1.5277034,1.4933547,1.478274
1437,2020-10-16,2.1477084,1.550914,1.4385078,1.4479581
1438,2020-11-16,0.6645594,1.6274531,1.5386254,1.4670079
1439,2020-12-16,0.2638354,1.7425585,1.5417362,1.5071292
1440,2021-01-16,0.20531812,2.1536503,1.5848099,1.4649973
1441,2021-02-15,-1.5663453,-0.03012,1.5419341,1.4333422
1442,2021-03-16,-2.2536466,-1.5300068,1.5607998,1.322737
1443,2021-04-16,-2.0576324,-1.5990629,1.9262253,1.3175128
1444,2021-05-16,-1.6726173,-1.7734768,-0.7918467,1.3272072
1445,2021-06-16,-1.3982304,-1.990141,-1.6284945,1.3768717
1446,2021-07-16,-0.79685324,-1.5446346,-1.3901695,1.3550761
1447,2021-08-16,-1.3147649,-1.6392665,-1.7993907,-1.4985895
1448,2021-09-16,-0.5204557,-0.7783888,-1.1405008,-1.0621831
1449,2021-10-16,-0.17405033,-0.6393446,-1.0488627,-0.98572844
1450,2021-11-16,1.0594559,-0.60123456,-0.91457725,-1.0779502
1451,2021-12-16,1.2353727,-0.31442934,-0.569641,-0.93755174
1452,2022-01-16,1.5183674,0.27464688,-0.33397394,-0.7605278
1453,2022-02-15,0.8284747,1.2586722,-0.41647154,-0.7260061
1454,2022-03-16,-1.6120152,-0.58010864,-0.5800562,-0.80925614
1455,2022-04-16,-2.600572,-1.4581567,-0.6322528,-0.93022627
1456,2022-05-16,-2.7046344,-1.6180017,0.058134276,-0.9859384
1457,2022-06-16,-1.3377073,-1.654095,-1.0827221,-0.7847953
1458,2022-07-16,2.1482365,1.881049,1.9479538,1.5644857
1459,2022-08-16,2.190133,1.9954529,2.0381722,2.1580617
1460,2022-09-16,2.0976145,1.9973822,1.895037,1.9428455
1461,2022-10-16,1.1298071,2.0362763,1.8262587,1.8934209
1462,2022-11-16,-0.14128631,2.0586812,1.8534725,1.8906863
1463,2022-12-16,-1.6140112,2.0088005,1.8999867,1.7865138
